id,title,cluster_id,cluster_vis_id,entities,published_at
06e82d00-3e1c-41dd-a0cc-15745c19fe91,楊柳颱風靠「黑潮進補」更兇悍！　臺北直逼停班課標準,9ab9f931-7c36-4c69-9153-b7c41bf4478d,0,Green Island;Hengchun Peninsula;Hualien;Lanyu;Penghu;Photo/Central Weather Bureau;Pingtung;Taipei;Taitung;Taiwan;Yangliu;Ye Guoli;Yunlin;the Central Mountain Range;the Kuroshio Current;the Taiwan Strait,2025-08-13 06:11:00
2df7e47f-a90a-4b4c-9045-d8ca8fe3fcc9,《凡人修仙傳》金晨甩肉10kg練出冰塊腹肌　每天喝排毒蔬果汁當代餐,20b82515-3e1f-4bf9-8dc5-e251c622abf6,1,Jin Chen;Jin Chen's;Netizens;Weibo,2025-08-13 06:04:00
157a6127-d93c-48f5-a3ee-5231a1179272,魅力攻陷食品大亨！帝寶名媛再爆仙塔「零邊界」互動　盡享頂級生活 | 娛樂星聞,4ad2a483-2d0d-489d-9547-c29725156af2,2,Imperial Treasure;Li Yìtuì;Viral Towering Lawyer;Wang Guangde,2025-08-13 06:03:00
6daf6a16-0982-4068-bc20-46f17316811f,勒索元和雅內幕／檢警收押2嫌追藏鏡人　名醫神巧合自揭案情「怪怪的」 | 社會 | 三立新聞網  SETN.COM,b0be3150-245f-473a-a60f-14af0fa4b7e2,3,Ke An Da;Lee Zhong Rui's;Mirror Weekly;Taiwan;Ya;Yuan;the Kaohsiung City Police Department;the Kaohsiung District Prosecutors' Office,2025-08-13 06:03:00
25d8487b-74c4-4477-ab6c-f8e9035a9c8e,宜蘭大咖涉貪　9大罪重判刑期直逼柯文哲 | 中天新聞網,38ea26a5-f5f2-49b8-b094-d4051ce5d7ac,4,CNA;Lien Chih-yung;Yilan City Council;Yilan City Government;Yilan City Government's;the Public Officials Election and Recall Act;the Supreme Court;the Yilan District Court,2025-08-13 06:02:00
93fc7193-2c2b-4463-8346-cf9253e91446,「小林柏宏」林子宸贏了！選秀奪冠抱頭痛哭　五人共組全新男團 | 娛樂星聞,71007eae-bd20-46b6-8952-93747c433fc1,5,Cheng Tai;Eric;Kwon Yu;Li.an;Lin Binghong;Lin Lin;Lin Zichen;Lin Zichen's;Louis;MVP;Ryan;Sky Entertainment;Tony;Victor;Zhang Yuxuan;Zheng Yuanxin;Zhou Menglin,2025-08-13 06:00:00
4fb89724-aac2-43f4-93ee-22116d69f421,林襄被爆是小三！　樂天球星馬傑森「交往時間重疊」劈她與阿布舞 | 娛樂星聞,1e72f0ea-9710-49d0-a680-cf45d90bd1af,6,A Bu Wu;Lin Xiang;Lin Xiang's;MVP;Max Johnson;Mirror Weekly;Quina;Taiwan TPE;Zhang Youjia,2025-08-13 06:00:00
739cd0d8-c9bc-45ed-8666-b45673eeedcf,能登半島地面隆起　你所不知道的臺日地質秘辛,f2edaa2c-2e64-4ecf-b258-23559e8eae8a,7,"Chen;Chen Wen-shan;Fukushima;Green Citizen Action Alliance;Hakui;Ishikawa;Ishikawa Prefecture;Japan;Kenting;Kenting Peninsula;Kitano Susumu;Kuomintang;Lin Zhengyuan / Researcher;National Taiwan University;Noto;Noto Peninsula;Photo / Author;Photo / Taipower;Taiwan;Terai;The Economic Ministry of Geological Survey;The Japanese Nuclear Regulation Authority;The Kenting Peninsula;The Noto Peninsula;The People First Party;netizen;the Central Weather Bureau;the Department of Geology;the Japanese Ministry of Land, Infrastructure, Transport and Tourism;the Kenting Peninsula;the Legislative Yuan;the Noto Peninsula;the Noto Peninsula's;the Pacific Ring of Fire;the Shika Nuclear Power Plant;the Shika Nuclear Power Plant's;the Shika Power Plant;the Taiwan Power Company;the Taiwan Power Company's;width",2025-08-13 06:00:00
88aea82e-364b-4d1a-9cdb-858cc560bc9a,川普施壓鮑爾降息　批聯準會整修案揚言提告,8c6bbc04-3552-4117-bf81-d2d4c684a29d,8,Federal Reserve;Powell;Trump;US;the Federal Reserve's,2025-08-13 06:00:00
3301d39c-936a-4b1b-a18f-6e1e92984f1b,靠「黑潮進補」楊柳更兇悍 不只威脅東、南 臺北強風將直逼停班課標準 | 生活 | 要聞 | 經濟日報,9ab9f931-7c36-4c69-9153-b7c41bf4478d,0,Chiayi;Donghe;Gao;Green Island;Hualien;Kaohsiung;Kenting Peninsula;Long Beach;Orchid Island;Penghu;Pingtung;Taipei;Taitung;Taiwan;Yang Liu;Yunlin;the Central Mountain Range;the Central Weather Bureau;the Central Weather Bureau's;the Kuroshio Current;the Taiwan Strait;※ Please,2025-08-13 05:55:33
1175ce9a-a7cc-4065-8637-db5d24b649ec,國家級警報響！ 楊柳颱風中心即將通過 蘭嶼、綠島恐颳14級致災強陣風 | 生活 | 要聞 | 經濟日報,9ab9f931-7c36-4c69-9153-b7c41bf4478d,0,Changhua;Chiayi;Hualien;Jinmen;Kaohsiung;Lan Yu;Lü Dao;Miaoli;Nantou;Penghu;Pingtung;Taichung;Tainan;Taitung;Taiwan;Taiwan Strait;The Central Weather Bureau;Yang Liu;Yunlin;the Bashi Channel;the Central Weather Bureau,2025-08-13 05:55:32
5fc70369-bae0-4ecc-94cc-c80d95fa508d,楊柳開眼 吳德榮：臺東嚴防颱風眼附近「毀滅性強陣風」 登陸前達最強 | 生活 | 要聞 | 經濟日報,9ab9f931-7c36-4c69-9153-b7c41bf4478d,0,"Department of Atmospheric Sciences;Fujian Province;Lei Tian Ji Classroom;National Central University's;Taiwan;Wu De Rong;Yang Liu;eastern coast;the ""Meteorological Application Promotion Foundation;the Central Weather Bureau;the Central Weather Bureau's;※ Please",2025-08-13 05:55:31
563d0003-e9ed-4774-96d5-494644b1de66,前樂天女神交往馬傑森！「時間重疊林襄」沒被爆出　她喊：我想保護他 | 娛樂星聞,d6558eeb-4ac4-4574-8cc4-d42f2cc60e3a,9,Abu;Jason Marquis;Jason Marquis's;Lin Xiang;Lotte;Lotte Giants;MVP,2025-08-13 05:54:00
60813f1a-7926-47b8-9eb8-6585bb023c6c,勒索元和雅內幕／醫美診間影像遭駭客入侵　元和雅遭勒索千萬疑有內鬼 | 社會 | 三立新聞網  SETN.COM,b0be3150-245f-473a-a60f-14af0fa4b7e2,3,Ke Ande;Ke Ande's;Lee Tsung-shui;Peter;The Kaohsiung District Prosecutors' Office;Yuan;Yuanhe Ya;mosaic images,2025-08-13 05:54:00
9146c4a0-3afe-4e63-af2f-eba5a7f7faf5,林襄被爆是小三！認交往馬傑森半年「時間重疊」前樂天女神阿布舞發聲了 | 娛樂星聞,d30782a3-7689-40f8-864f-eb36ec811669,10,Abubu;Jason Ma;Lin Xiang;Lin Xiang's;MVP;Taiwan;the Taichung Wagor;the Taiwan Bulls;the Taiwan Bulls',2025-08-13 05:53:00
b8243ea8-cabf-4838-b21f-d1327c0d6730,華江橋女浮屍身分曝光　與「墜福和橋失聯女」特徵相符,41f24a43-217c-4923-877f-f0b597dee01b,11,Banqiao District;Chen Yisheng;Fuhu Bridge;Huajiang Wharf;Huang Yiting;New Taipei City's;Suicide Prevention Hotline;Tainan;The Haishan Police Station;Wang;Yonghe District;Zhang Lao Shi;the Fuhu Bridge;the Tainan Second Police Station;the Yonghe District,2025-08-13 05:53:00
73d815cb-c027-4e22-8b19-6c770f2e85c4,不是救災優先嗎？林靜儀「現身這裡」搞大罷免　卓榮泰回應了 | 中天新聞網,b70dee4c-0215-40fe-b6ac-f85cfd43b971,12,"Agriculture Chen Junji;Chen Jinde;Danaes Typhoon;Engineering Council;Ku Chin-chun;Kuomintang;Lin Jing-yi;Miaoli County;The Executive Yuan;Yan Kuan-heng's;Zhu Rongtai;the ""Middle School Solution to Dispel the Embarrassment;the Engineering Council;the Executive Yuan;the Legislative Yuan;the Ministry of Agriculture",2025-08-13 05:50:00
db716b66-c3ce-48b8-aec1-7d3ce9a7c4d7,普普會週五登場　白宮：聆聽行程不會有協議　幫助終結俄烏戰爭,2be3df43-ac72-489d-9090-614214c6121a,13,Alaska;Anchorage;Dah-Shih Image / AP;Karoline Leavitt;Kiev;Leavitt;Putin;Russia;Spokesperson Karoline Leavitt;The White House;Trump;US;Ukraine;White House;Ye Guoli;Zelensky,2025-08-13 05:48:00
b79ce6ec-d2c3-4e1d-af66-8e1923f852c1,快訊／楊柳進逼「國家警報」響！　臺東將吹14級以上致災強風,9ab9f931-7c36-4c69-9153-b7c41bf4478d,0,Chen Junhong;Hualien;Jiayi;Keelung;Kinmen;Latest Typhoon Update;Map;Matsu;Penghu;Photo/Central Weather Bureau;Taitung;Taitung County;Taiwan;The Central Weather Bureau;Yang Liu;Yunlin,2025-08-13 05:46:00
2fd16278-4a10-49fc-94a6-a17def6b26fd,快訊/國家警報大響！颱風中心即將通過「這縣市」 | 中天新聞網,846f32f9-ba14-434d-adea-5ce29399b5ef,14,Green Island;Taitung County;The Central Weather Bureau;the Central Weather Bureau,2025-08-13 05:43:00
e1046528-cc5f-4394-8e3d-9ec7117b6ce3,通膨數據推升降息期望　美股勁揚近500點、臺積電ADR漲0.91％,6e314dd0-86fa-4b68-96ab-8d087ac7360d,15,Fed;NVDA;Nasdaq;Photo/Reuters;TSM;Taiwan Semiconductor Manufacturing Company;The Philadelphia Semiconductor Index;US;Ye Guoli;the Federal Reserve,2025-08-13 05:42:00
adae2e80-df37-48db-85a8-3d6de503840e,林文寶觀點：臺灣中小企業面對川普關稅政策的挑戰與機會 | 評論,5174979a-fe36-4075-8e1a-ef83b2d5fb99,16,AI;ASEAN;Central and South America;China;Combine European;ESG;Europe;India;IoT;Japan;Mexico;South Korea;Southeast Asia;Taiwan;The Customs Administration;Trump;US;the Middle East;the New Taiwan Dollar;the New Taiwan Dollar exchange;the US Dollar,2025-08-13 05:40:00
0e517abd-c8d1-4ed4-8c9c-371599b43d23,楊柳長大穿尾臺灣「白天進入搖滾時段」　專家示警：2區強風暴雨猛灌 | 生活 | 三立新聞網  SETN.COM,9ab9f931-7c36-4c69-9153-b7c41bf4478d,0,Changhua;Changhua County;Chiayi;Chiayi City;Green Island;Hualien;Hualien County;Kaohsiung;Kinmen;Kinmen County;Lan Yu;Lienchiang;Lienchiang County;Lin De'en;Lin Lao Shi;Miaoli;Nantou;Nantou County;Penghu;Penghu County;Pingtung;Taichung;Tainan;Taitung;Taitung County;Taiwan;The Meteorological Bureau;Yangliu;Yilan County;Yunlin;Yunlin County;the Bashi Channel;the Central Weather Bureau;the Meteorological Bureau;the Taiwan Strait;the Taiwan sea,2025-08-13 05:38:00
ee7aea9c-9a72-4ec1-b259-87bd285cc354,翁履中觀點：臺灣失去的不是川普，而是方向 | 評論,d53911e9-d158-4cb9-9258-578fc57fd2ff,17,Beijing;Biden;China;Congress;Garrett Marquis;Hsiao Bi-khim;Huang Ren-xun's;Hutton;Japan;Lai;Ma;Ma Ying-jeou;Olympiad;South Korea;Taipei;Taiwan;The Lai Ching-te;Trump;Tsai;Tsai Ing-wen;Tsai Ing-wen's;US;Washington;the Democratic Party;the Democratic Progressive Party's;the Lai Ching-te;the Ministry of Economic Affairs;the Ministry of Foreign Affairs;the Taipei Representative Office;the US Congress's Agriculture Committee;the US Meat Association;the White House,2025-08-13 05:35:00
e1fc974c-d8cb-4288-bb87-788dda18a389,楊柳又增強14縣市警戒！中心中午前後登陸臺東　最快解除警報時間曝 | 生活 | 三立新聞網  SETN.COM,9ab9f931-7c36-4c69-9153-b7c41bf4478d,0,Changhua;Chiayi;China;Hualien;Jinmen;Kaohsiung;Miaoli;Nantou;Penghu;Pingtung;Taichung;Tainan;Taipei;Taitung;Taiwan;The Meteorological Bureau;Yang Liu;Yang Liu's;Yilan;Yunlin;the Bashi Channel;the Meteorological Bureau;the Taiwan Sea;the Taiwan Strait,2025-08-13 05:31:00
2cfb7819-c330-48b9-9fea-cc426ef7b981,觀點投書：仿效納粹、抹紅網紅與降智圖卡─親綠罷團的恥度下限到底在哪裡？ | 評論,aa3b4dec-b3be-4291-ad5d-553085799e44,18,"Chen Bo yuan;China;Lai;Ray;Taiwan;Wen Ziyu;Wolf;Xu;Zhong Mingxuan;the ""Fujian Wolf;the Communist Party of China;the Fujian Wolf;the Nazi Party's;the Youth Consultation Committee",2025-08-13 05:30:00
e7a493cd-59d7-480c-bc68-1db25095d161,楊柳颱風到家門口！24小時風雨時程曝　「爬過中央山脈」恐重整強襲南部 | 生活 | 三立新聞網  SETN.COM,9ab9f931-7c36-4c69-9153-b7c41bf4478d,0,Fujian;Hsinchu;Hualien;Kaohsiung;Keelung;Keelung North Coast;Kinmen;Miaoli;Penghu;Tainan;Taipei;Taitung;Taitung City;Taitung County;Taiwan;Wu Shengyu;Yangliu;Yilan;Yunlin;the Central Mountain Range;the Central Weather Bureau;the Penghu Islands;the Taipei Basin;the Taiwan Strait,2025-08-13 05:29:00
ee18f68f-b272-4772-b690-8e2b542a79a8,觀點投書：千分之二的重刑率─修法重罰？不，這是詐欺產業的投資保障 | 評論,792e40d8-327f-4ff7-abfc-adda07c7a904,19,"COVID-19;Taiwan;The Audit Bureau;The Legislative Yuan;The Supreme Court;the ""Criminal Case Appropriate Sentencing Law;the Legislative Yuan;the Ministry of Justice's;the Supreme Court",2025-08-13 05:25:00
3dfc26ed-0104-479f-a807-8310a430b612,NBA 10天短約大翻身(上)／Alonzo Gee曾短暫效力臺灣T1聯盟太陽！ | 運動 | NOWnews今日新聞,80e3844e-2085-44f5-94f7-399c3985bfe3,20,Bell;Cavaliers;Chet Holmgren;Eastern Conference Finals;Farrell;James;Karlson;LeBron James;NBA;Salt Lake City;Thunder;the Brooklyn Nets;the Cleveland Cavaliers;the Dallas Mavericks;the Milwaukee Bucks;the National Basketball Association;the Oklahoma City Thunder;the Portland Trail Blazers;the Washington Wizards,2025-08-13 05:23:28
660d4a0c-eea1-4705-8ff4-66ebf604b69e,世運會／武術散打張煥宜直落二摘銅！中華隊奪隊史第3面散打獎牌 | 運動 | NOWnews今日新聞,0f2a4545-fe03-46fa-ac16-2f20ea7589b5,21,Azerbaijani;Chengdu;Facing Shevchenko;Gao Yujuan;Taiwan;Universiade;Zhang Huanyi;Zhou Tingyuan;the Hangzhou Asian Games,2025-08-13 05:23:09
cc7a0037-004b-478a-a903-ac23b722fa85,觀點投書：因應川普高關稅政策─創造臺美「互利共生」關係 | 評論,5174979a-fe36-4075-8e1a-ef83b2d5fb99,16,Boeing;China;Rust Belt;TSMC;Taiwan;Taiwan Semiconductor Manufacturing Company;Trump;US;the Japan-Korea,2025-08-13 05:20:00
f9650bfc-e461-4692-a75b-42530354a74a,賴政府內外交迫　黃揚明重磅分析：陳建仁可能會回鍋 | 中天新聞網,0bc853a4-b0b9-4e59-8239-6005b60594b8,22,CTV;Chen Chien-jen;Huang Yang-ming;Lai;Lai Ching-te;Lai Ching-te's;Media;Taiwan;Trump;Tsai;Tsai Ing-wen;US,2025-08-13 05:17:00
380f08d1-89f8-4ab9-94ab-01cb2e911da5,楊柳颱風到家門口 吳聖宇：中午登陸臺東市附近或以南 東半部風雨劇烈 | 生活 | 要聞 | 經濟日報,9ab9f931-7c36-4c69-9153-b7c41bf4478d,0,Fujian;Hsinchu;Hualien;Jia Yi;Keelung;Kinmen;Penghu;Tainan;Taipei;Taitung;Taitung City;Taitung County;Taiwan;Typhoon Yangliu;Weather Risk Company;Wu Shengyu;Yilan;Yunlin;the Central Mountain Range;the Central Weather Bureau;the Taipei Basin;the Taiwan Strait;※ Welcome,2025-08-13 05:16:57
371aad11-7f5b-4cf2-8a54-58c4cd1499ea,楊柳「自由過山」不怕中央山脈 專家：東部首當其衝 南部千萬不要低估 | 生活 | 要聞 | 經濟日報,9ab9f931-7c36-4c69-9153-b7c41bf4478d,0,Hualien;Jiannan;Keelung;Penghu;Pingtung;Taipei;Taitung;Taiwan;The Central Weather Bureau;Yang Liu;Yilan;the Central Mountain Range;the Central Weather Bureau's;the Kenting Peninsula;the Weather Risk Company;※ Please,2025-08-13 05:16:56
77a167c3-02b3-4df5-93d5-6d70d7fe00c0,足球／南市臺鋼4：1力退蒙古韓嘎日德！晉級亞足聯挑戰聯賽小組賽 | 運動 | NOWnews今日新聞,68fd190c-b203-476b-b61d-a0676dd6f374,23,Alan da;Bangji;Challenge League;Easy Peasy FC;Kaito Asano;Sakho;Taichung;Taichung TSG FC;Zhang Wuyi,2025-08-13 05:16:09
605a83de-b153-4037-8f64-482e317fde39,南韓前第一夫人金建希遭收押　「與尹錫悅同時被捕」創首例,b30315cd-61aa-4d5c-b2e1-f561c875f4a4,24,Deutsch Motors;Jeong Seong-bae;Jung Jae-oh;Kim;Kim Jin-hye;Ming Tai Jun;The Seoul Central District Court;Yoon;Yoon Suk;Yoon Suk-yeol;the Constitutional Court;the National Assembly;the Seoul Southern Detention Center;the Unification Church,2025-08-13 05:14:00
5e6d14e5-2401-434c-b8ff-e518a5c1e5d2,川普與蒲亭會談　白宮：有助判斷如何終結俄烏戰爭 | 國際焦點 | 國際 | 經濟日報,2be3df43-ac72-489d-9090-614214c6121a,13,Alaska;Anchorage;China;Donald Trump;Karoline Leavitt;Kiev;Leavitt;Moscow;Putin;Russia;The White House;Trump;US;USA;Ukraine;Vladimir Putin;Volodymyr Zelenskyy;White House;Zelenskyy;the White House,2025-08-13 05:12:33
b7a13a11-3869-4f53-95d5-34f1f14d33fa,氣得牙癢癢！川普再施壓鮑爾「立刻降息」　批Fed整修案揚言提告 | 財經 | 三立新聞網  SETN.COM,8c6bbc04-3552-4117-bf81-d2d4c684a29d,8,Biden;Central News Agency;Donald Trump;Dow Jones';Federal Reserve;Trump;US;US Labor Department;Washington;the Federal Reserve's,2025-08-13 05:11:00
2588484e-b32b-480b-94e2-d2d0462fec88,盤前／臺積電董事會後　AI供應鏈聚焦4+1檔看過來 | 財經 | 三立新聞網  SETN.COM,dee3073b-e28a-4d7f-aff6-3d50d640017c,25,AI;Guobang;Hongzheng;KGI Securities;Liu Jingqing;National Development Council;Qincheng;TSMC;Taiwan Semiconductor Manufacturing Company;Tips;US,2025-08-13 05:10:00
00bf9fa3-7edc-4d69-9419-3ae9fa6bd12d,川普與蒲亭會談　白宮：有助判斷如何終結俄烏戰爭,2be3df43-ac72-489d-9090-614214c6121a,13,Alaska;Anchorage;Central News Agency;China;Hou Zhiying;Karoline Leavitt;Kyiv;Leavitt;Moscow;Putin;Russia;Trump;US;Ukraine;Washington;White House;Zelenskyy;the White House,2025-08-13 05:07:00
1e6d3116-3b09-43f0-801a-5e7d863518f8,楊柳直穿臺灣！15地暴風圈侵襲率破90％　全臺停班停課一覽 | 生活 | 三立新聞網  SETN.COM,9ab9f931-7c36-4c69-9153-b7c41bf4478d,0,"Central Region;Changhua County;Chia Yi City;Chia Yi County;Eastern Region;Hsinchu City;Hsinchu County;Hualien County;Kaohsiung City;Keelung City;Kinmen County;Lienchiang County;Miaoli County;Nantou County;New Taipei City;Northern Region;Penghu County;Pingtung County;Southern Region;Taichung City;Tainan City;Taipei City;Taitung;Taitung County;Taiwan;Taoyuan City;The ""Sanli News Network;Yilan County;Yunlin County;the Central Weather Bureau's;the Ministry of Civil Service",2025-08-13 05:03:00
6b2cd81c-7654-4805-a313-f00a90474abd,楊柳變強暴風侵襲率「8地區達100％」！陸警範圍曝　半個臺灣下到發紫 | 生活 | 三立新聞網  SETN.COM,9ab9f931-7c36-4c69-9153-b7c41bf4478d,0,Changhua;Chiayi;Chiayi City;Chiayi County;Green Island;Hualien;Hualien County;Jinmen;Kaohsiung;Kaohsiung City;Lanyu;Miaoli;Nantou;Penghu;Penghu County;Pingtung;Pingtung County;Taichung;Tainan;Tainan City;Taitung;Taitung County;Taiwan;Yang Liu;Yilan;Yilan County;Yunlin;the Bashi Channel;the Central Mountain Range;the Central Weather Bureau;the Central Weather Bureau's;the Taiwan Sea;the Taiwan Strait;the sea east,2025-08-13 05:01:00
cd846e9e-b2b7-427e-919b-8023ed826823,美通膨數據推升降息期望　美股收紅道瓊大漲近500點 | 美國新聞 | 國際 | 經濟日報,6e314dd0-86fa-4b68-96ab-8d087ac7360d,15,Dow Jones;Nasdaq;The Philadelphia Semiconductor Index;Trump;US;the Federal Reserve,2025-08-13 05:00:35
a47d14f2-35c3-4622-b97c-965afc66614c,美通膨數據推升降息期望　美股收紅道瓊大漲近500點 | 美股動態 | 國際 | 經濟日報,6e314dd0-86fa-4b68-96ab-8d087ac7360d,15,Dow Jones;Nasdaq;The Philadelphia Semiconductor Index;Trump;US;the Federal Reserve,2025-08-13 05:00:35
205e3845-3670-4fa5-b12c-1b79636289a0,診間短簡─幸福終究是一片荒蕪洋麵：《外婆燒著的 時候，我》選摘（2） | 評論,4cd9105d-66e4-4464-8b31-9418e0a6c011,26,Angelopoulos;France;India;Sisyphus;Tourette,2025-08-13 05:00:00
4f941c76-a418-413b-be84-a58d04113bd2,不用挨餓也能瘦！YTR金針菇「吃不胖秘訣」曝　這3樣缺一不可│TVBS新聞網,b6bc3f10-385c-4ce9-b774-de50b46e1af2,27,Gou Li;IG;Jin Zhen Gu;Jin Zhen Gu's;Jin Zhen Rong;Korea;Taiwan;YT;YouTube,2025-08-13 05:00:00
f799db16-2678-4152-9ea9-d92eb329ade8,美通膨數據推升降息期望　美股收紅道瓊大漲近500點,6e314dd0-86fa-4b68-96ab-8d087ac7360d,15,CNA New York;Dow Jones;Nasdaq;The Philadelphia Semiconductor Index;Trump;US;the Federal Reserve,2025-08-13 04:55:00
8fa85ac6-ae09-4455-84b1-6494ab2e7e80,颱風持續增強！楊柳逼近3處陣風恐達14級以上 今日影響最劇烈 | 生活 | 要聞 | 經濟日報,9ab9f931-7c36-4c69-9153-b7c41bf4478d,0,Bashi Channel;Changhua;Chiayi;Green Island;Hengchun Peninsula;Hsinchu;Hualien;Kaohsiung;Keelung;Kinmen;Lanyu;Matsu;Miaoli;Nantou;New Taipei;Penghu;Pingtung;Taichung;Tainan;Taipei;Taitung;Taiwan;Taoyuan;The Central Weather Bureau;Typhoon Yangliu;Yilan;Yunlin;the Bashi Channel;the Taiwan Strait;※,2025-08-13 04:51:49
81c5353d-aee7-4a14-95ab-a46fa1407074,楊柳外圍雨帶掃進來了！北東間歇性風雨 上午暴風圈觸陸 中午登陸臺東 | 生活 | 要聞 | 經濟日報,9ab9f931-7c36-4c69-9153-b7c41bf4478d,0,Approach Taiwan;Changhua;Changhua County;Chiayi;Chiayi City;Chiayi County;Green Island;Hsinchu City;Hsinchu County;Hualien;Hualien County;Kaohsiung;Kaohsiung City;Keelung;Keelung City;Kinmen;Kinmen County;Lanyu;Lienchiang County;Matsu;Miaoli;Miaoli County;Nantou;Nantou County;New Taipei City;Penghu;Penghu County;Pingtung;Pingtung County;Taichung;Taichung City;Tainan;Tainan City;Taipei;Taipei City;Taitung;Taitung County;Taiwan;Taoyuan City;The Central Weather Bureau;The Meteorological Bureau;The Meteorological Bureau's;Typhoon;Typhoon Yang Liu;Typhoon Yang Liu Continues;Yang Liu;Yilan;Yilan County;Yunlin;Yunlin County;the Bashi Channel;the Hengchun Peninsula;the Meteorological Bureau;the Taiwan Strait;※ Please,2025-08-13 04:51:48
89bc811c-4f53-4d6c-8de9-ec3bc6f81add,俄導彈襲擊烏軍訓練營！驚傳臺灣志願兵陣亡 | 中天新聞網,b20b3c19-6f52-433d-a48a-c214fe045a98,28,Colombia;Denmark;Florida;Kropyvnytskyi;Oleksandr Syrskyi;Poltava;Russia;South America;Taiwan;The New York Times;Ukraine;Ukrainian Armed Forces;Volodymyr Kaminskyi;Yavoriv;the United States,2025-08-13 04:51:00
51e1419f-e52c-459f-a27f-86b079dd7e7d,前第一夫人金建希遭羈押！成南韓憲政史上首例　尹錫悅夫婦雙雙逮捕 | 國際 | 三立新聞網  SETN.COM,26caaabe-8aa3-46ee-9710-5a3143925db3,29,"Central News Agency;Daimler AG;Jin Jianxi;Jin Jianxi's;Seoul;Seoul Central District Court;Yoon Sik-yeo;the ""Capital Market Act;the Seoul Detention Centre;the Seoul Southern Detention Center",2025-08-13 04:47:00
8e0c1628-fd2a-4ca9-8bac-943757f2e868,7月CPI增2.7%低於預期！美股4大指數收紅　道瓊升483點、那指創新高 | 財經 | 三立新聞網  SETN.COM,6e314dd0-86fa-4b68-96ab-8d087ac7360d,15,Dow Jones;Nasdaq;The Philadelphia Semiconductor Index;The US Labor Department;Trump;US,2025-08-13 04:40:00
f10cff14-660a-4e64-b6ea-f1df9cfe4b70,市場評估美俄元首會談影響　國際油價收低 | 國際焦點 | 國際 | 經濟日報,cd8bde55-89aa-4967-940e-a25123e23594,30,China;London;New York's;Putin;Trump;US;West Texas Intermediate,2025-08-13 04:36:30
00a9272d-f873-4a87-9ff5-b174dc775ba7,市場評估美俄元首會談影響　國際油價收低 | 美國新聞 | 國際 | 經濟日報,cd8bde55-89aa-4967-940e-a25123e23594,30,Brent;China;Putin;Trump;US;the New York Mercantile Exchange,2025-08-13 04:36:30
91a19531-0c7c-4711-96cc-0c27dfb4abe2,市場評估美俄元首會談影響　國際油價收低,cd8bde55-89aa-4967-940e-a25123e23594,30,Brent North Sea;CNA New York;China;London;New York's;Putin;Trump;US;West Texas Intermediate,2025-08-13 04:30:00
97b8381c-05b4-4e94-a6c9-518d89833f4c,快訊/臺師大女足抽血案驚爆未成年受害者！ | 中天新聞網,c75c12f1-ad1b-4fda-bf46-607a0fd00dcc,31,Chen Zhongqing;Education;Ethics Review Committee;IRB;Institutional Review Board;Taipei Municipal University;Taipei Municipal University of Education's;The Ministry of Education;Zhou Taoying;Zhu Junzhang;the Human Research Act;the Ministry of Education;the Ministry of Education's;the National Science Council;the ethics committee,2025-08-13 04:30:00
9574929d-326c-4d81-a56e-c982ed79e7dc,提告施壓聯準會降息？川普指控鮑爾不當管理裝修工程 | 國際焦點 | 國際 | 經濟日報,8c6bbc04-3552-4117-bf81-d2d4c684a29d,8,Federal Reserve;Jerome Powell;Karoline Leavitt;Powell;The Federal Reserve;The White House;Trump;US;White House;the Federal Reserve,2025-08-13 04:18:15
4fe11eac-f5a1-4d02-8dc1-51ffe911bac6,提告施壓聯準會降息？川普指控鮑爾不當管理裝修工程 | 美國新聞 | 國際 | 經濟日報,8c6bbc04-3552-4117-bf81-d2d4c684a29d,8,Federal Reserve;Jerome Powell;Karoline Leavitt;Powell;The Federal Reserve;The White House;Trump;US;White House;the Federal Reserve;the Federal Reserve's;the United States,2025-08-13 04:18:15
ad9dd95a-d9ef-44e5-975e-d475d756a4c6,韓媒：尹錫悅夫人被捕　韓國前總統伉儷首次同遭羈押 | 國際焦點 | 國際 | 經濟日報,b30315cd-61aa-4d5c-b2e1-f561c875f4a4,24,IPT;Kim Keon-hee;Kim Keon-hee's;South Korea's;Specific Crimes;Yonhap News Agency;Yoon Suk;Yoon Suk-yeol;the Aggravated Punishment;the Deutsche Automobile Company;the Seoul Central District Court;the Seoul Detention Center;the Seoul Southern Detention Center,2025-08-13 04:12:33
fc1d4af3-ee4e-4d48-8720-f2729c8d6e78,川普政府目標清除華府遊民：送收容所或監獄 | 國際焦點 | 國際 | 經濟日報,93a03513-e26a-4b48-bdfc-48e395192eae,32,D.C.;Karoline Leavitt;Leavitt;The White House;Trump;US;Washington;White House;the Metropolitan Police Department;the National Guard;the National Park Service,2025-08-13 04:12:33
51bc86bb-3e57-478e-b235-a09ddde74822,韓媒：尹錫悅夫人被捕　韓國前總統伉儷首次同遭羈押,b30315cd-61aa-4d5c-b2e1-f561c875f4a4,24,Combined Foreign News Report;Kim Keon-hee;Kim Keon-hee's;Seoul;Specific Crimes;The Independent Investigation Team (Independent Investigation Team;Yonhap News;Yonhap News Agency;Yoon Suk-yeol;Yoon Suk-yeol's;the Aggravated Punishment;the German Automobile Company;the Independent Investigation Team;the Seoul Central District Court;the Seoul Detention Center;the Seoul Southern Detention Center,2025-08-13 04:04:00
4a9e3aaa-dc82-401e-901f-ab76d4753bb5,盤後籌碼／外資倒貨66億！臺股翻紅22點　孰悉這幾檔又見買盤青睞 | 財經 | 三立新聞網  SETN.COM,b62cf1fc-d428-4f14-894f-fedb38118e29,33,Chen Xuejin;China;Hong Yuan;Luen Yuan Securities;Nan Ya;Nan Ya Technology;Shen Da;Taipei;Taishin Financial;Taishin Gold;Taiwan Glass;Tatung;Trump;US;Wang Nan Gold;Yihua,2025-08-13 04:02:00
592cbb0f-2412-4c72-bb12-4a81111e2102,出遊走到鐵腿？專家授「5大防護」妙招：鞋襪選對很關鍵│TVBS新聞網,bd0b83b0-b1e0-4a2a-bf3b-94d84f160665,34,Achilles;Li Yan-yu;Lift,2025-08-13 04:00:00
25c29ca0-db3f-44b7-afd7-eac95dabbc67,"
白宮：特朗普“決心”結束烏克蘭戰爭
",2be3df43-ac72-489d-9090-614214c6121a,13,Alaska;Donald Trump;Europe;European Union;Hungary;Karoline Leavitt;Leavitt;Luhansk;Marco Rubio;Moscow;Putin;Russia;Sergey Lavrov;State;Steve Witkoff;Tammy Bruce;The White House;Trump;US;Ukraine;Vladimir Putin;Volodymyr Zelenskyy;White House;Zelenskyy;the European Union;the State Department,2025-08-13 03:55:00
5a7c84c7-9280-414e-be3b-997d4e0849c5,反惡罷高強度耗損　南投立委遊顥送醫病情曝光！ | 中天新聞網,b27b295e-3b80-47e2-87d9-f8fbb9defe89,35,Heng;Kuomintang;Nantou County;Taiwan;You Heng;hematuria;the Central Weather Bureau,2025-08-13 03:41:00
9d923ad0-aa76-414c-8760-25af69237038,沒核三也不缺電？葛如鈞：搞不清楚曾文生是臺電董座還是側翼 | 中天新聞網,900c2ec0-6abd-49a6-bb89-7bd062673b0b,36,"AI;AI development BI;AIT;American Institute;Beijing;Ge Ruojun;Germany;Huang Renxun;Japan;Kuomintang;Lai Qingde;Singapore;Sweden;Switzerland;Taipower;Taiwan;Tsai Lide;Zeng Wensheng;the ""Nuclear Management Act;the Democratic Progressive Party;the Institute of Science and Technology;the Legislative Yuan;the United States",2025-08-13 03:19:00
49ea4ccf-cc3f-4899-b2df-98161f014b96,俄軍突推進深入烏東　澤倫斯基：很快會消滅他們 | 國際焦點 | 國際 | 經濟日報,379150fa-064a-4578-9e3f-d0a974b21630,37,AFP;Dobropillia;Donald Trump;Donbas;Kyiv;Moscow;Putin;Russia;Trump;Ukraine;Vladimir Putin;Volodymyr Zelenskyy;the United States;※,2025-08-13 03:13:30
08d93c7e-6f95-400d-a9c8-fbd1f9b2d8ee,「雙普會」週五登場 白宮：這是一次聆聽的行程 | 國際焦點 | 國際 | 經濟日報,2be3df43-ac72-489d-9090-614214c6121a,13,Alaska;Karoline Leavitt;Leavitt;Putin;Russia;The White House;Trump;US;Ukraine;White House,2025-08-13 03:13:28
b75536cb-016a-4444-a25a-a7a60fde7b02,核三延役扯敦親睦鄰費　前核四廠長開轟郭智輝！ | 中天新聞網,afcb1781-8a88-4405-8a4c-efeca125da79,38,Guo Zhihui;Guo Zhihui's;Hengchun;Hengchun Township;Kuomintang;People of Hengchun;Su Qingquan;Three Gorges Plant;Wang Bohui;the Central Election Commission;the Legislative Yuan,2025-08-13 03:09:00
632acffb-219b-41b9-a904-e4111236bd7d,快訊/中颱楊柳來到家門口！最新風雨預測出爐 | 中天新聞網,9ab9f931-7c36-4c69-9153-b7c41bf4478d,0,Changhua County;Chiayi;Chiayi County;Hsinchu;Hualien;Hualien County;Kaohsiung City;Keelung;Kinmen;Kinmen County;Miaoli;Miaoli County;Nantou County;Penghu;Penghu County;Pingtung County;Taichung City;Tainan City;Taipei;Taitung;Taitung County;Taiwan;The Central Weather Bureau;Wu Shengyu;Yang Liu;Yang Liu's;Yunlin;Yunlin County;the Bashi Channel;the Central Mountain Range;the Hengchun Peninsula;the Matsu Islands;the Taiwan Strait,2025-08-13 03:08:00
1bdeba28-8661-407b-9e69-c6d3a1f1c45c,外資一週狂掃519億！買盤狂敲權值股　這檔敲6.4萬張封王 | 財經 | 三立新聞網  SETN.COM,bef98774-2431-4287-b11d-aa93dbe01a1b,39,Evergreen;Hon Hai;Taiwan New Century;United Microelectronics;Winbond Electronics;the Taiwan Stock Exchange,2025-08-13 03:03:00
183df56f-9c2b-4484-99bb-a61f55c432fa,俄軍突推進深入烏東　澤倫斯基：很快會消滅他們,379150fa-064a-4578-9e3f-d0a974b21630,37,AFP;Dobropillia;Donald Trump;Donbas;Kyiv;Moscow;Russia;Trump;Ukraine;Ukrainian;Vladimir Putin;Volodymyr Zelenskyy;Zelenskyy;the United States,2025-08-13 03:02:00
fff45ef9-3ec6-48c9-a4bb-3d8404a7494a," 
  為習川會暖場 中美關稅休兵再延90天
",50c96342-bb1a-4b8c-baa8-77263faa94cc,40,ASEAN;Anwar Ibrahim;China;Donald Trump;Geneva;Kuala Lumpur;London;Steven Mnuchin;Stockholm;Trump;US;US Treasury;White House;Wu Hongbo;Xi Jinping;the Shanghai Fudan University Institute of International Studies,2025-08-13 03:00:00
73bf7927-88ff-4655-9e87-da51e35e8c74," 
  吳誠文：幫年輕人創新應用
",967c5324-ea50-4164-a035-215058c9dc46,41,Crystal Taiwan;IC;Taiwan;Taiwan Semiconductor Manufacturing Company's;Wu Cheng-wen;the National Science and Technology Council,2025-08-13 03:00:00
2e19dfd7-a7c1-4388-89db-ab8a97b30cfb," 
  關稅未明 7月車輛貨物稅腰斬
",64a0bde4-9239-46aa-b276-967971cee09b,42,Liu Xunrong;Statistics Bureau;The Ministry of Finance;US;the Ministry of Finance;the Ministry of Finance's,2025-08-13 03:00:00
597efe3d-065d-4ff3-bd7d-f303b2bac5c1," 
  後美國時代提前到來
",413eccff-6301-4e25-b7ee-5106f7cd6d65,43,"Argentina;Brazil;CPTPP;Canada;China;EU;Europe;India;Japan;Lee Hsien;Singapore;South Korea;Taiwan;Trans-Pacific Partnership;Trump;US;the ""Belt and Road;the Comprehensive and Progressive Agreement for;the Regional Comprehensive Economic Partnership;the Shanghai Cooperation Organization;the South American Common Market (",2025-08-13 03:00:00
2ecec51b-03b5-4229-a9a4-a4554b7e037b," 
  臺泥停牌 傳因三元火災
",05482a14-babc-4006-ac51-7cabfba94400,44,Kaohsiung;San Yuan Energy;San Yuan Energy Technology;San Yuan Energy Technology's;San Yuan Energy's;Taiwan Cement;Taiwan Cement's;Zhang Anping;the Taiwan Cement,2025-08-13 03:00:00
b0dbe083-e12f-47bf-8932-7d0df42376ed," 
  漲勢落後高價股 外資升目標價
",2137c4c7-7363-4408-a3ad-fc6d38be5b5c,45,ASIC AI;CPU;CSP;Citigroup Global Markets;Daiwa Capital;Daiwa Capital Markets;Daiwa Capital Securities;Double Heng;EPS;Fu Shi Da;Han Tang;Ji Fu;Jia Zhe;Jia Zhe's;Jing Ce;KGI Securities;Li Wang;NT$100;NT$3;NT$885;NT$900;Shih Chieh-KY;TSMC;Tai Ching Electronics;Taiwan;Taiwan Semiconductor Manufacturing Company;Tang;Trade Union-KY;Wei Ying;Xiang Shuo;Zhong Bang;the Federal Reserve's,2025-08-13 03:00:00
3f6832ae-6658-41d7-91c3-3a7ce95c62e6," 
  長榮集團海空齊旺 獲利衝
",6131bc21-1055-477f-b46b-49dcc9b859bd,46,AI;Austria;Belgium;China;Dallas;EPS;Europe;Evergreen;Evergreen Airlines;Evergreen Airlines';Evergreen Europe;Evergreen Group's;France;Genoa;Netherlands;Ocean Alliance;Poland;Rotterdam;Switzerland;Taoyuan;US,2025-08-13 03:00:00
2ec3717f-7d07-4fa4-a63c-aa7419d58106," 
  降低關稅影響 廣達美墨擴產衝刺AI伺服器
",f0d09f90-cc0d-476d-a603-64fc08db4314,47,AI;ASIC AI;CFO;EPS;GB200;GB300;GPU;Grand Chip Investment;QMN;Quantinuum;US;Yang Junlie,2025-08-13 03:00:00
3e3a1185-f3b9-41c0-a32c-5fff73e3b044," 
  交易低迷 前七月股、房稅收全趴
",8ea3acfa-c9b3-4dea-89c7-3fbb91ffbecd,48,Liu Xunrong;Ministry of Finance Statistics Bureau;The Ministry of Finance;US;the Taiwan Stock Exchange;the Taiwan Stock Exchange Weighted,2025-08-13 03:00:00
85528415-d848-4bfd-adfe-936c93f0a3db,吞嚥障礙險奪命！老人吃飯「慢又嗆」　中西醫整合三個月助改善│TVBS新聞網,8d805540-a79e-4baa-85be-28f99ff9587f,49,Harmony Valley;Licorice Powder;Lin Bo Bo;Lin Bo Bo's;Poria;Taiwan;Wu Wen Cheng;the National Health Insurance Administration,2025-08-13 03:00:00
2d7f7c98-59b8-4bc2-8efd-6b7242e9c446," 
  政治壓力 恐迫聯準會降息
",c8679380-b556-473d-9765-5d3068bdd29c,50,David Kelly;Fed;Kelly;Mark Cabana;Milken;Morgan Stanley;Morgan Stanley's;Trump;US;US Treasury;White House;the Federal Reserve;the US Bank's,2025-08-13 03:00:00
d4bd8009-a97d-4a52-812a-adead7dff51b," 
  科技大老看20%+N震撼彈 林憲銘：就像遇到小亂流
",91b6428b-27c1-4a41-a548-162706bcf866,51,"AI;China;Dragon Saber;GPU;Japan;Lin Xianming;South Korea;Southeast Asia;Taiwan;Trump;US;VIA;VIA Technologies;Zettabyte Holdings, Inc.",2025-08-13 03:00:00
fde043eb-bddd-402d-b29c-554a81b3e0db," 
  不畏匯損 英業達Q2獲利年季雙增
",56b98429-3e72-4032-a3ba-d5d3f04eb4ef,52,AI;ASP;ASUSTeK;EPS;HGX;Thailand;US,2025-08-13 03:00:00
d65d1b2a-92b6-4a13-89ca-a9c92a90dc4b,盤前／別看ChatGPT 5傻呼呼　市佔第一帶飛6臺股 | 財經 | 三立新聞網  SETN.COM,1c3f573c-a61d-4948-a5d3-d075fec32a1f,53,AI;API/SaaS/PaaS;ASIC;Agentic;CCL;CSP;Calendar;Chipbond;GPT;GPT 5;GPT5;GPU;Gemini;Gmail;Google TPU;Grok;HPC;King Yuan Electronics;MediaTek;OpenAI;PCB;Q&A;Taiwan;Taiwan Semiconductor;The Cathay Futures Securities Report;United Microelectronics;Yeh United,2025-08-13 03:00:00
53fa42a8-3dcb-4751-bbe8-88cfc2fef899," 
  中鼎在美踩雷可望回收
",9d91196f-7813-4643-a59b-c5871f1adcf0,54,BKRF;CVRF;GCEH;GEH;US;Vitol;Zhong Ding;Zhong Ding America;Zhong Ding America's,2025-08-13 03:00:00
93f43c28-aafd-4715-984d-dad9cbbc24c7," 
  科技大老看20%+N震撼彈 許勝雄：應該是最壞情況
",f1ddbb5e-6404-4196-81bb-e3a9d7261098,55,Chen Ruicong;ICT;Japan;Jin Rongbao Group;Jinbao;Mexico;Riben;South Korea;Southeast Asia;Taiwan;US;USMCA;WTO;Xie Lide;Xun Shengxiong;the Taiwan Venture Capital Yearly Meeting;the United States,2025-08-13 03:00:00
88c18ecd-d763-4910-9868-ff5b3159334c," 
  太匯賺了 緯創單季獲利改寫新高
",d3d91df2-6804-4c46-8e1a-fa8b378c4814,56,AI;AI GPU;Dallas;EPS;Eagle;Texas;Tube;Tube Incorporated;USA;Wei Chuan;Wei Chuan's,2025-08-13 03:00:00
504ca401-fddb-4e68-9e19-3d1d565243fd," 
  臺幣回貶，匯銀潑冷水 出口商可以放心了嗎？
",d5d807e9-64e8-424a-8b92-4912dfbd7b8c,57,Federal Reserve;Milan;NT$28.828;New Taiwan;Taipei;Trump;US;Waller;White House Economic Advisory Committee;the Federal Reserve;the US Federal Reserve,2025-08-13 03:00:00
e2b36743-a680-4c0b-8bbb-bf26f6c1eca5," 
  仁寶加碼3億美元投資美國
",08ab6411-93dd-4639-9f01-2bb65e78b6cc,58,60:40;Anthony Peter Bonadero;Bonadero;CSP;Compal Americas;EMS;EPS;L11;Mexico;North America;Ricoh;Taiwan;Tier 2;US;the United States,2025-08-13 03:00:00
eef496d9-4ef9-4c28-9125-fdcf3edf9a2f," 
  觀望美通膨 臺幣重返3字頭
",05f1e235-e174-4233-9d5e-4b173ba11c3f,59,Hong Kong;NT$30.026;New Taiwan;Taiwan;US;the Chinese yuan;the Federal Reserve;the Federal Reserve's,2025-08-13 03:00:00
462fdb3f-f8d9-4feb-97e7-f993a5101b55," 
  法人：臺積今年股息至少20元
",06d89874-b19c-4fbe-a6eb-fb9408e425ea,60,Landis Lau;Lu Xingzhi;NT$5;TSMC;Taiwan Semiconductor Manufacturing Company;the United States,2025-08-13 03:00:00
fda0656a-9ada-4aa8-997d-3d7b3ec9da1a," 
  創投公會三招推亞洲科技島
",9d5ad66f-70c5-4381-9c9f-9b4c33e7bfe0,61,"AI;CVC;ICT;Lin Xiuming;Qiu Decheng;Taiwan;Taiwan Entrepreneurial Investment Conference;the ""Asian Technology Innovation Island;the Investment Association;the Taiwan Stock Exchange",2025-08-13 03:00:00
7545cb09-fbbf-49a2-83ed-21f7a1fc03b9," 
  賴總統射五箭 助攻新創
",9d5ad66f-70c5-4381-9c9f-9b4c33e7bfe0,61,"AI;Asia;Lai;Lai Qingshui;Silicon Valley;Taiwan;Taiwan Venture Capital Conference;Tokyo;the ""Optimization of New Business Venture Investment Environment Action Plan;the ""Taiwan Innovation Board;the National Development Fund's;the Taiwan Stock Exchange",2025-08-13 03:00:00
42b16aa9-7d18-44c3-849c-02623118a5c8," 
  市場資金由大轉小 三補丸助力 櫃買成亮點
",b23078f2-7be4-4d43-afe2-324e15aea856,62,AI;Chao Hsin-tai;Fubon Investment;International Commercial Bank of China;KGI Securities;NTD;TSMC;TWSE;Taiwan;Taiwan Semiconductor Manufacturing Company;The Taiwan Stock Exchange;US;Xin Xiu;Zhu Chengzhi;the Federal Reserve's;the Taiwan Stock Exchange,2025-08-13 03:00:00
d72fba72-e14a-4d69-814a-4ea7774a5a11," 
  擺脫單一市場依賴 光陽抗關稅提案 補助海外行銷
",5af4f253-d8fc-4801-aefd-ad09196a053c,63,Central and South America;China;Europe;Guang Yang;Kuo Junbin;OEM;Taiwan;The Ministry of Economic Affairs;US;the Ministry of Economic Affairs;the New Taiwan Dollar,2025-08-13 03:00:00
034388d9-820b-4510-8f37-e1fea85d92c5," 
  823後 內閣局部改組
",e9dffa6c-fde8-4853-abd8-23c247d0919a,64,Chou;Chou Kuo-hsiung's;Chou Yong-tai;Danas;Lai Ching-te;Lai Ching-te's;The Taiwan Public Opinion Foundation;the Democratic Progressive Party;the Democratic Progressive Party's;the administrative department,2025-08-13 03:00:00
298bc1f6-1d2a-4ea6-9d6e-f0734c013c87," 
  連賢明：美是否通膨年底揭曉
",1dcb6a54-bc0a-4bfa-a07e-ea6b8d5a69a3,65,AI;Chen Xianming;China;Cook;EU;Japan;South Korea;South Korea's;TSMC;Taiwan;Taiwan Semiconductor Manufacturing Company;Trump;US;Walmart;the Chinese Economic Research Center,2025-08-13 03:00:00
3b1e0cfd-f823-4818-82dd-1547251d3616," 
  H1每股賺2.51元 陽明：歐洲相對樂觀
",91410a4c-ef6b-4be3-ab57-098b2e264480,66,Alphaliner;Drewry;EPS;US;Yang Ming;Yang Ming Marine Transport;Yang Ming's;the International Monetary Fund's;the Red Sea;trans-Pacific,2025-08-13 03:00:00
59676c3f-6712-4a6e-85e0-c9f503c962b4," 
  臺積電拍板 Q2配現金股利5元
",dee3073b-e28a-4d7f-aff6-3d50d640017c,25,AP3 InFO;Apple;EMIB;EPS;Intel;Junhua;NT$15.36;NT$5;PVD;Samsung;TSMC;TSMC Global;Taiwan Semiconductor Manufacturing Company;Tesla;Tianyong;US;WMCM,2025-08-13 03:00:00
d291cd07-4448-4e47-ab49-38f883e3b5ae," 
  美7月通膨溫和 9月降息機率升
",8c6bbc04-3552-4117-bf81-d2d4c684a29d,8,Fed;Federal Reserve;PGIM Investment Management Company's;Powell;Pucciarelli;The US Department of Labor;Timothy Ross;Trump;US;Wall Street Journal;the Chicago Mercantile Exchange;the Federal Reserve;the Federal Reserve's,2025-08-13 03:00:00
c2304645-a5d5-4366-a1c3-8dc63c73e4ae," 
  財劃法致財政空缺 卓揆：明年總預算將高額舉債
",4295d7cb-6ed2-41eb-8ab7-e7b23b9d3459,67,"Lai Ching-te;NT$10,000;the Executive Yuan;the Legislative Yuan;the Legislative Yuan's",2025-08-13 03:00:00
540a37eb-2a3a-46ec-bc7f-4d7796c0d860," 
  對等關稅只是開始 陳衝：陸續有美債、美元方案
",697ccf9d-48b2-4e46-88a0-61bcffa69cc2,68,Beijing;Bitcoin;CBDC;CPTPP;Chen Chong;China;GATT;Taiwan;Trans-Pacific Partnership;Trump;US;WTO;World Trade Organization;the New Generation Financial Fund;the People's Bank of China,2025-08-13 03:00:00
cea02fb5-8f59-433a-b556-214a96a928cc,美聯邦政府介入維持華府治安 白宮不排除長於30天 | 國際焦點 | 國際 | 經濟日報,f2363f4a-a6c2-4635-876a-4335e460b2d7,69,Defense;Hegseth;Karoline Leavitt;Leavitt;National Guard;Pete Hegseth;The White House;Trump;US;Washington D.C.;White House;the Metropolitan Police Department;the National Guard;the Washington D.C. Metropolitan Police Department,2025-08-13 02:54:29
788c22c5-290a-4cf3-8f1e-a7b5624b5b60,「甜甜圈楊柳」穿中央山脈重整風雨暴增　專家預警：大臺北9級強風,9ab9f931-7c36-4c69-9153-b7c41bf4478d,0,New Taipei;Philippines;Taipei;Taitung County;Taiwan;Taiwan Braces for Typhoon Podul;Wu;Wu Sheng-yu;the Central Mountain Range;the Central Weather Bureau;the Penghu Islands;the Taiwan Strait,2025-08-13 02:52:00
8a8e7e38-9467-4085-9f55-593a9b163e7a,網傳三地門大橋橋墩裂開？公路局：是樹枝不影響結構安全 | 熱門話題 | 要聞 | 經濟日報,9aca2f2e-f5a4-43ad-a8af-a95f4e128a67,70,Chaozhou;Intelligent Highway Information Service;Maintenance Division;P15;Pingtung;Pingtung County;Southern Maintenance Division;The Highway Bureau;The Highway Bureau's;the Chaozhou Maintenance Division;the Diao Liao Creek;the Highway Bureau;the Highway Bureau's;the San Ge Men Bridge,2025-08-13 02:46:30
7ca0ea98-0d8f-4c53-bfef-5669b25ff62b,楊柳颱風持續增強「14縣市納陸警範圍」今天影響最鉅、4地慎防大豪雨 | 生活 | 要聞 | 經濟日報,9ab9f931-7c36-4c69-9153-b7c41bf4478d,0,Changhua;Chiai;Green Island;Hengchun Peninsula;Hualien;Jinmen;Kaohsiung;Keelung;Lanyu;Mazu;Miaoli;Nantou;Penghu;Pingtung;Taichung;Tainan;Taipei;Taitung;Taiwan;Typhoon Yangliu;Vessels;Yilan;Yunlin;Zhu Meilin;the Bashi Channel;the Central Mountain Range;the Taiwan Strait;※ Please,2025-08-13 02:45:08
b165afcb-a147-44dd-be55-42b8b8a0b8e7,聚鼎子公司增資13.41億隱匿收購廠財務 財務長200萬交保董座漏夜偵訊 | 熱門話題 | 要聞 | 經濟日報,f42ca30a-16f3-49ad-be72-2483364a2861,71,Agibright;Agibright Co.;Agigroup;Agigroup Inc.;Asia;Everfuse;Financial;German Henkel Group;Henkel;Henkel's TCLAD department;Hou;Hou Quan Xing;PCB;TCLAD;Taipei Investigation Division;The Taipei District Prosecutors Office;US;Wang;Zhu;Zhu Fu Hua;the Investigation Bureau's;the Securities and Exchange Act;※ Please,2025-08-13 02:45:06
605dfcb7-384f-48dc-acfe-cb2a46758187,林岱樺遭爆喊住持「老公」！沈富雄揭她空前危機 | 中天新聞網,e5c7f66b-2a19-43af-b6a8-e9150994c6f6,72,Abbot Xue Huangzhi;Democratic Progressive Party;Kaohsiung;Lin;Lin Tai-hua;Mirror Weekly;Shen Fu-hsiung;Tong Fa;Tong Fa Temple;Xue Huangzhi;the Legislative Yuan,2025-08-13 02:36:00
ef2dded7-c22e-4d4b-831b-86476efe222e,"
美國國務院發佈年度各國人權報告 中國被指存在種族滅絕和嚴重侵犯人權行為
",1ddbf327-8fd4-4c3f-82f3-e8d3a3e95c97,73,"All-China Federation of Trade Unions;Beijing;COVID-19;China;Cross-Border Repression and Overseas Intimidation;Dong Yuyue;Fox Hunt;Genocide and Mass Detention;Guangming Daily;Hong Kong South;Kazakhs;Minnie Chan;Propaganda Department;Suppressing Dissent and Press Freedom

;The US Department of State;The US Department of State's;Tibetan;US;Uyghur;Uyghur Imam Abidin Ayup;Uyghurs;Wuhan;Xi Jinping's;Xinjiang;Zhang Zhan;the Communist Party's",2025-08-13 02:34:00
e79547c6-b5c5-48d0-b9ad-8d93eed93a21,臺積電宣佈：將在2年內結束6吋晶圓生產　整合8吋產能,7e788ae3-342d-4a41-af09-6f09c824691d,74,Photo / Reuters;TSMC;Taiwan;Taiwan Semiconductor Manufacturing Company;Zhao Cai,2025-08-13 02:27:00
4303d5b6-111e-4e0c-9ff9-5f99d65008f5,烏克蘭擬上調男性禁出境年齡至滿22歲　提高海外升學 | 國際焦點 | 國際 | 經濟日報,40689e94-5510-4408-97c6-1b14f5cbdb61,75,SBU;The Ukrainian Security Service;Ukraine;Ukrainian;Volodymyr Zelenskyy;Zelenskyy,2025-08-13 02:13:30
e8be0b84-931e-4ede-b762-54911fe112e4,烏克蘭擬上調男性禁出境年齡至滿22歲　提高海外升學 | 美國新聞 | 國際 | 經濟日報,40689e94-5510-4408-97c6-1b14f5cbdb61,75,SBU;The Ukrainian Security Service;Ukraine;Ukrainian;Volodymyr Zelenskyy;Zelenskyy,2025-08-13 02:13:30
89fdb4fd-8c9a-4ea5-ae3f-2232be42dc2e,快訊／嘉義市火警「連燒6戶木造民宅」　低收戶一家6孩無家可歸,b1f26e14-5df1-417e-b7e8-338093acbf14,76,Chezhenli;Facebook / Village;Jiayi City;Ma Fenghuang;Photo / Reproduced;The Jiayi City Fire Department;West District;Xinjian Street;Zhao Cai,2025-08-13 02:10:00
a544169a-b922-4e13-8fcb-cc7b580e8baa,7成美股搭配3成美債　臺灣首檔股債平衡ETF 8/15掛牌！ | 財經 | 三立新聞網  SETN.COM,87f48079-178d-43d4-9b4b-7e223b87f197,77,Asian Asset Management Center;C News;ETF;KEE Asset Management;LLC;NYSE;Taiwan;The Taiwan Stock Exchange;US;US Treasury;the Financial Supervisory Commission;the Financial Supervisory Commission's;the KEE Asset Management;the KEE Top Stock-Bond Balance;the NASDAQ Stock Exchange;the Taiwan Stock Exchange;the Taiwan Stock Exchange's,2025-08-13 02:02:00
9792ffe2-d2fd-4ef0-af6e-4cd2742747f2,新北保母虐嬰害顱內出血、腦萎縮！二審減刑「判2年10月」原因曝,0b34210a-5ecb-4fc4-87d1-13e468bd728d,78,New Taipei City;The High Court;The Taiwan High Court;Ye,2025-08-13 02:01:00
75d450a1-d42d-42b0-9c48-9888ff5e79ad," 
  川普2.0與供應鏈重組下ESG發展的新挑戰
",814781a7-7d7e-4302-9eb7-79e76094f32e,79,"AI;Adobe and Apple;Apple;Dell;ESG;Ford;Institute for Information Industry

Global;Intel;Shih Bo-Yung;Trump;US;the ""America First;the United Nations Climate Change Convention",2025-08-13 02:00:00
34e23746-89a7-4bfe-ae47-fbf13a473697," 
  菲律賓｜向美國尋求豁免晶片關稅
",1818511a-002e-47c4-babf-9d2e4ea71a33,80,Investment and Economic Affairs;Philippines;US;Wu Shi Zhe,2025-08-13 02:00:00
e2fb1c97-f2dc-4caf-a672-e86c92e9c4dd," 
  香港｜平臺預估：房租10月創新高
",78e2a0d6-2272-4025-a041-ecf8e449da0f,81,Centaline;Hong Kong;Hong Kong's;Simon Fan,2025-08-13 02:00:00
89abc59e-d83f-4a48-9f21-3743e3a1b4af," 
  吉林｜開展首批產業人才庫徵集 
",564344d8-5126-4868-89bb-c05d8844c433,82,Jilin;Jilin Provincial Industrial Talent Pool,2025-08-13 02:00:00
3316b44e-f49c-4d5c-bb2e-70e58ba2f2e1," 
  福建｜住房政策顧及多子女家庭
",f74fc583-024d-409a-bb6c-2d52f1bb0274,83,Fujian,2025-08-13 02:00:00
5be289a9-bf5b-41de-b88c-757e9710b115," 
  美國｜川普提名保守派經濟學家出任統計局長
",db1a488e-ffbc-46a4-93f5-dd1eed4cdcff,84,Anthony (E.J. Antoni;Erika McEntarfer;Heritage Foundation;Trump;US;the Bureau of Labor Statistics,2025-08-13 02:00:00
57100704-3de3-4e18-a3a3-5f21708c628d," 
  英國｜就業成長減速 僅57％企業擬招募新人
",62fc531e-d8bf-480f-aa89-23074e8f372b,85,CIPD;Chartered Institute of Personnel and Development;Reuters;UK;the Bank of England,2025-08-13 02:00:00
74f34072-3b8f-4c48-a810-7a27c1898288," 
  日本｜反聖嬰現象有6成機率不會發生
",81440b6c-4bc1-42b8-95e4-cea047e80117,86,El Niño;The Meteorological Bureau;the Northern Hemisphere;the Pacific region,2025-08-13 02:00:00
632bf9a0-805e-45f9-a57c-18876cf9b8c8," 
  北京｜全球首家機器人展示中心亮相
",34c58f8a-3cf6-4716-959b-a468fb635be7,87,,2025-08-13 02:00:00
a8e22790-b1ba-4120-ae66-db90082aac5d," 
  法國｜熱浪來襲 核電廠被迫減產
",64f0e65b-818e-48c6-a385-dbbfe7322024,88,France;kW,2025-08-13 02:00:00
cc475a62-d4c7-4b03-996a-8f996671eced," 
  數字看中國｜7月中國電商物流指數為112
",b42fa30e-23b3-418e-8b09-b6eeea9207df,89,China;China Logistics and Purchasing Association;He Hui;The China Logistics and Purchasing Association,2025-08-13 02:00:00
4f52e25d-ec5c-477a-b75f-b4865e49cf2a," 
  江西｜南美洲貿易供採對接活動在吉安登場
",eef3469f-1fa4-4693-a7ac-93e8a8161c86,90,Argentina;Brazil;China;Jiangxi;Jiujiang;South America;the South American Common Market,2025-08-13 02:00:00
59ff39ba-1c89-44c3-ae09-97a41175598d," 
  四川｜7月CPI出爐 肉、蛋、菜價格降幅明顯
",5df6f92b-4910-496f-a56d-c3bc969b8d4c,91,Sichuan Province;the National Bureau of Statistics;the Sichuan Investigation Team,2025-08-13 02:00:00
0ab38798-b336-43a2-bc0c-3f4ed1185469," 
  美國｜美鋼賓州廠爆炸2死10傷
",bf117293-fc7d-498c-befb-e1a46b81f540,92,David B. Burritt;Pennsylvania;The Clairton Coke Works;U.S. Steel;U.S. Steel's,2025-08-13 02:00:00
722abc9d-cf33-40e8-8d7c-dc70c1663806," 
  重慶｜上半年農產品加工業總產值 年增2％
",7d0b19c8-f22e-451d-9d12-e15e68ff335c,93,Chongqing,2025-08-13 02:00:00
3a718b05-0841-4f48-9433-6cd2e3d8d08f,13家金控7月獲利下滑　2金融股可續抱原因曝 | 財經 | 三立新聞網  SETN.COM,4249866c-cfc1-462c-9e60-b794df37a39a,94,China Development Financial;China Life;Fubon;Fubon Bank;Fubon Investment Advisory;Taiwan;Taiwan Life;US;the Federal Reserve,2025-08-13 02:00:00
e145c6d2-c92c-48fb-adb0-2cbfb2f1d5c9," 
  英國｜維基百科挑戰英國《線上安全法》敗訴
",6854d829-d3db-445f-85da-324369f954cf,95,The Wikimedia Foundation;UK;Wikipedia;the High Court of London,2025-08-13 02:00:00
64ea17de-4873-48e9-95c9-785bcac3e785," 
  韓國｜李在明25日赴白宮與川普舉行峰會
",1590118c-02d4-417f-a5b4-5acb9756d751,96,Li Ziming;South Korea;The Presidential Office;Trump;US;the Korean Peninsula;the United States,2025-08-13 02:00:00
c1af8f34-6b0a-4f0a-a3c1-e60322a0ec1b,白血病警訊！「防蚊液」誤用恐害健康　醫曝：應噴衣物非皮膚│TVBS新聞網,c87d9310-9454-4767-8587-d3cfa33809b2,97,Asbestos;DEDTP;DEET;DETP;France;Georgetown University;Household;Jiayi;Lee;Lee Yi-kung;Shen Yu-lin;the Environmental Protection Administration;the Evidence-Based Medicine Center;the Journal of Drug Therapy Monitoring;the United States,2025-08-13 02:00:00
f926341d-576a-44ae-9ffe-1363c5ddbb6d,烏克蘭擬上調男性禁出境年齡至滿22歲　提高海外升學,40689e94-5510-4408-97c6-1b14f5cbdb61,75,CNA;Central News Agency;Chen Cheng-yi;Chen Yen-ting;Kyiv;Russia;SBU;The Ukrainian Security Service;Ukraine;Ukrainian;Volodymyr Zelenskyy;Zelenskyy,2025-08-13 01:57:00
268d4590-e361-4178-9061-7d8af9fca358,烏克蘭擬上調男性禁出境年齡至滿22歲　提高海外升學,40689e94-5510-4408-97c6-1b14f5cbdb61,75,CNA;Chen Yen-ting;Russia;SBU;The Ukrainian Security Service;Ukraine;Ukrainian;Volodymyr Zelenskyy;Zelenskyy,2025-08-13 01:57:00
8c7b33a7-aab6-4b06-9cea-8c15cf8859b4,張煥宜重返榮耀　世運會武術散打奪銅牌,0f2a4545-fe03-46fa-ac16-2f20ea7589b5,21,Azerbaijan 2-0;Bronze Medal;Chengdu;Du Yijun;Gao Yujuan;Shevchenko;Volodymyr Shevchenko;Wushu Sanda;Zhang Huanyi;Zhang Huanyi Returns to;Zhou Tingyuan;the Hangzhou Asian Games,2025-08-13 01:52:00
0db9eada-567a-4bb8-9bfe-2b13b7ac0f43,楊柳一路長大「穿尾」臺灣　風速增強！中央山脈切2波強風豪雨,9ab9f931-7c36-4c69-9153-b7c41bf4478d,0,Green Island;Hualien;Kaohsiung;Lan Yu;Landfall;Pingtung;Taitung;Taiwan;Taiwan Braces for;The Central Weather Bureau;Yilan;Zhu Meilin,2025-08-13 01:52:00
fafee5a2-57cf-49c7-9f16-25dff39f06e7,快訊/南韓前第一夫人金建希遭收押！ | 中天新聞網,b30315cd-61aa-4d5c-b2e1-f561c875f4a4,24,BMW;Deutsch Motors;Kim Jeong-hui;Kim Jeong-hui's;Min Jeong-ki;Seoul;Seoul Central District Court;South Korea;South Korea's;Yangpyeong;Yongsan;Yoon Suk;the Seoul Detention Center;the Seoul Southern Detention Center;the Specific Crime Aggravated Punishment Act;the Unification Church,2025-08-13 01:44:00
92aa5a4d-4e41-48ca-9693-57af3d4fe76a,94歲張忠謀現身「橋藝大賽」近況曝光　曾與比爾蓋茲、巴菲特過招,ed00d32c-6a28-473c-9011-6b2a9622fd8b,98,"Bill Gates;Chengchi University;Huang Guanghui;Ke Peichen;Microsoft;Photo / Chengchi University;TSMC;Taiwan;Taiwan Semiconductor Manufacturing Company;Warren Buffett;Zhang Shufen;Zhang Zhongmou;Zhang Zhongmou's;international bridge competitions;the ""Taiwan University Intelligence;the National Bridge Art Competition;the United States",2025-08-13 01:39:00
ea87cd46-e877-4e33-90a9-3a923bbecad5,雲林婦醫院上廁所「失蹤8年」！法院宣告死亡　兒一句話惹鼻酸,dbf0f43f-a2d1-4232-9601-ba453525a418,99,Douliu;Illustration / ETtoday;Ke Zhenzhong;Taipei Medical University Hospital;Xu;Yunlin,2025-08-13 01:37:00
14f97df1-3a42-4473-83db-4702996976ff,獨家／應援初登場看對手10分大局　Fubon Angels Mini震撼！我們帶賽？ | 運動 | 三立新聞網  SETN.COM,ec057cea-524e-4665-a991-86972365193a,100,Amanda;Bei Er;Chen Yu;Fubon Angels;Gua Gua;Jia Jia;Laynee;Mini;Mo Xuan;San Li News Network;Xi Xi Zi;Xiao Jian;Xu;Xu Yun,2025-08-13 01:29:00
c52b089a-8c24-42c3-b6db-d47f9df9e55a,臺南男早上出門練氣功！妻搜出「威而鋼、潤滑液」34年婚姻毀滅,4883aa9c-96ad-49ff-b304-042da3c4ab7e,101,Tainan;The Tainan District Court,2025-08-13 01:29:00
8f18af9f-e713-4c0b-9abe-bd31c60a6b1d,藍委稱恆春人挺核三延役　郭智輝：拿掉敦親睦鄰費看支不支持│TVBS新聞網,afcb1781-8a88-4405-8a4c-efeca125da79,38,DPP;Dana;Guo;Guo Zhihui;Han Kuo-yu;Kuomintang;Legislative;Peninsula;Pingtung County Hengchun;Su Qingquan;Taiwan;The Legislative Yuan;Typhoon;Zhu Rongtai;Zhu Rongtai's;the Legislative Yuan;the Pingtung County Hengchun Peninsula,2025-08-13 01:27:00
7f42adb1-04ed-48b7-9387-e07f451e5365,飛雅特皮卡車「小改款內外全面升級」！問世10年巴西生產超60萬輛,8da9c99e-a8c0-4dae-9dd6-cd9f2000fed3,102,Alfa Romeo Tonale;Fiat Toro;Jeep Compass;LWB;Toro Ranch;mm,2025-08-13 01:26:00
9b2f3ff6-4555-45a3-95ce-687112e3357d,不如出國玩！一票人怒點國旅「3缺點」 | 中天新聞網,70daef63-05fe-4c8f-a42a-37e7a1be5ccb,103,COVID-19;Kaohsiung;Taitung;Taiwan;netizens;the Ministry of Transportation and Communications' Tourism Bureau,2025-08-13 01:23:00
d5c3c828-31aa-46ca-bcd9-dd3c670c9a5c,全家拿鐵14元「只有5天」！蕎麥奶茶買一送一 7-11美式拿鐵半價 | 生活 | NOWnews今日新聞,20fccdc0-73af-4109-b544-308c4608422f,104,Americano;Caramel Mocha / Roasted Chestnut / Good Time Classic Chocolate / Kagoshima Concentrated Tea Latte /;Earl Red;Ghana;Okinawa;Pu'er;Shu Wei Si;Taiwan;Xin Pu;Yang Liudong Typhoon,2025-08-13 01:22:09
cd28d1b9-046f-4be5-874b-4a34d9b64d2e,核三延役引爆綠營內戰　周春米開轟！ | 中天新聞網,a4155ef3-d5a8-4bad-936f-871b8df485ae,105,Chou Chun-mi;Guo;Guo Zhihui;Guo Zhihui's;Kuomintang;Pingtung;Su Qingquan;the Kenting Peninsula,2025-08-13 01:18:00
1e9fbe7d-1e09-4b79-95e1-50bb801fc0fb,美7月CPI大致持平　歐股收盤互有漲跌 | 美國新聞 | 國際 | 經濟日報,6e314dd0-86fa-4b68-96ab-8d087ac7360d,15,CAC;FTSE;Frankfurt;London;Paris;Trump;US;※ Please,2025-08-13 01:12:35
f0e02ae7-0edd-47d3-83aa-6ceccef9c0eb,美7月CPI大致持平　歐股收盤互有漲跌 | 國際焦點 | 國際 | 經濟日報,6e314dd0-86fa-4b68-96ab-8d087ac7360d,15,CAC;FTSE;Frankfurt;London;Paris;Trump;US;※ Please,2025-08-13 01:12:35
80cc268e-5c41-4a39-8650-6639b1de55e1,男星命根子「被貨櫃車輾斷！」醫院發14次命危通知　他求母：放我走 | 娛樂星聞,42c31514-fda4-423b-a7b6-ff66cfba7e64,106,"Ye Nuofan;Ye Nuofan's;the ""Super Star Top 100;the Haoyi Records;the United Daily News",2025-08-13 01:12:00
5a3c5e7b-219f-4bdc-8c7d-a6f89128682e,戰勝心魔！　中華合球隊逆轉勝世運會奪銅,b96af4de-f656-41f1-8d22-832e683f1a12,107,Chengdu;China;Du Yi Jun / Comprehensive Report;Lin Ya Wen;Photo / Chinese;Taipei;Xie Fang Yi;the Czech Republic;the Czech Republic's,2025-08-13 01:10:00
fed928fb-22e5-4497-b774-e36e83815208,快訊／CPI降溫樂觀！美股三大指數全線上揚　輝達獨陷震盪 | 財經 | 三立新聞網  SETN.COM,6e314dd0-86fa-4b68-96ab-8d087ac7360d,15,ADR;AMD;Apple;China;Fed;Google;Meta;Microsoft;NVDA-US;Nasdaq;New York;TSM;Taiwan Semiconductor Manufacturing Company;US;the Federal Reserve;the Philadelphia Semiconductor Index,2025-08-13 01:08:00
bbe2211b-1c94-4c79-b60e-37eeced68b9c,美7月CPI大致持平　歐股收盤互有漲跌,6e314dd0-86fa-4b68-96ab-8d087ac7360d,15,CAC;Central News Agency;Chen Zheng Yi;Frankfurt;Hong Qi Yuan / Reviewer;London;Paris;Trump;US,2025-08-13 01:02:00
63005307-1c3c-47a5-8b7f-42187de9f16f,美7月CPI大致持平　歐股收盤互有漲跌,6e314dd0-86fa-4b68-96ab-8d087ac7360d,15,CAC;CNA London;Chen Zheng Yi;Frankfurt;London;Paris;Trump;US,2025-08-13 01:02:00
05c235d7-558e-4283-9585-02d2d7301ef4,日本關稅無疊加　投資標的翻身一尾活龍報告全說 | 財經 | 三立新聞網  SETN.COM,a5a6b9a5-c482-4fe7-b7c0-791691021f8f,108,AI;Berkshire;China;EU;FamilyMart;Hon Hai;Japan;Mitsubishi Corporation MC Retail Energy:;NAND;NISA;Nomura Securities;Noriyuki Nakamura;Ohio;Premium Group;TAIEX;Thailand;The White House;US;Warren Buffett;the 009812,2025-08-13 01:00:00
be136f31-ecb4-4a8f-aaf5-1c124b7faf8b,冰箱門膠條鬆了？冷氣外洩超耗電　臺電教你「1張紙」就能檢查│TVBS新聞網,2b1b7286-8275-4ce0-ae71-f9cc45fc19bf,109,Taiwan Power Company,2025-08-13 01:00:00
e3324df0-f164-4033-b96c-d91d122f9c88,陸海警追菲船誤撞自家軍艦！胡錫進放話「要付代價」秒被刪文,83870f74-e36c-40a4-8413-8967ca70b254,110,3104 Coast Guard;AIS;BRP Suluan;China;Foreign Ministry;Global Times;Gui Lin;Hu Xijin;Min Wenyu;People's Liberation Army's;Philippine Coast Guard;Philippines;Photo / Reproduced;Ronnie Gil L. Gavan;Scarborough Shoal;The Chinese Foreign Ministry;The Philippine Coast Guard;Weibo;the Coast Guard;the Gui Lin;the Philippine Coast Guard's;the South China Sea's,2025-08-13 00:58:00
f7c07cd0-5dd5-44c9-9b93-60edb08681a1,貴州資訊局長拿政府伺服器當礦場！狂挖327顆比特幣　夠買2000間房,53688f29-3008-417c-94bc-c6a5cc70bc99,111,Bitcoins;Discipline Inspection and Supervision;Guizhou;Guizhou County;Ke Zhenzhong;Photo / Weibo;The Guizhou Provincial Commission for;Ying Yaping;Ying Yaping's;the Guizhou Provincial Big Data Development Management Bureau,2025-08-13 00:56:00
e3a5c10f-1d42-4b76-80ee-dbda5b9d1582,關稅20%忙昏？行政院「倒掛國旗」20分鐘　發言人：操作疏失,9f4fd02a-d39a-41bc-9b6f-4faa03602f04,112,Ji Xiangru;The Premier's Office;US;Zhu Li Hui;Zou Zhenyu;the Premier's Office;the United Daily News,2025-08-13 00:56:00
3aa42410-774a-4091-9eda-bc788c090a7a,Toyz入獄1年！篠崎泫爆「懷孕」腹部明顯隆起　好友、同事全嚇壞 | 娛樂星聞,a934a9ca-936f-4ab8-9ff9-57cb92b95438,113,Hong Kong;Huan;IG;Lau Wai Kin;Shinsaki Huan;Singapore;Toyz;marijuana,2025-08-13 00:52:00
fa71e16e-35f6-4aef-b7ea-f5919a3dc033,林岱樺案情查辦疑外洩　律師揪疑點：一般老百姓要擔心了！ | 中天新聞網,c5f20ef6-d1d1-4e95-9bb4-0e6d613e92d9,114,Dàibǎi Party;Lin;Lin Dàihuá;Mirror Weekly;Shì Huángzhì;Taiwan;Tongfa Temple;Yè Qìngyuán,2025-08-13 00:51:00
ec4ecf7c-cd57-411e-a174-ea56d9cde102,油品、綠能雙引擎推動　這家Q2營收創歷年同期次高！ | 財經 | 三立新聞網  SETN.COM,35540ef3-93b2-43d4-9f10-c6f7dd5df438,115,Beigui;EPS;Kaohsiung;Luzhu;San Ge Energy;Taichung;Taiwan,2025-08-13 00:50:00
599be346-76f2-47f3-896b-2ba9372b7e8e,3D女神坦言19歲初夜細節！前男友超強戰力「一夜3次」 | 娛樂星聞,c5e1d73a-1201-4fff-8781-17be8c6ccb79,116,Lin Chi Ling;Lin Xin Yan;Lin Xin Yan's;Lin Yan;Shanghai;Tang Ji Li;Tang Ji Li's,2025-08-13 00:50:00
7083c46b-97bf-4058-83fa-a9ec9de78de5,今日歷史／8月13日國際左撇子日！他們是天才還是怪胎？醫師解謎 | 生活 | NOWnews今日新聞,277c5725-c2a0-42ad-b6d5-7625859f60de,117,"Aristotle, Einstein,;Barack Obama;Bill Gates;Darwin;Edison;Excerpt;International Left-Hander's Day;Kansas;Katsurō Tadashi;Left Hander Club;Left Hander's;Topeka;UK;US;the ""Brain School",2025-08-13 00:45:21
4611edb9-6bbd-4fa0-917e-383c2ee34500,《鬼滅之刃》太紅！日電視臺重播動畫收視超高「衝破8%」,c25d53cd-e002-4155-b9ab-836be26d4b92,118,Demon Slayer;Fuji TV;Japan;Kimetsu;Mugen Train;Mugen Train Chapter 1:;Nezuko;Yang Zhi-ren,2025-08-13 00:40:00
0c9a2086-e10a-460f-af11-ae80a70d93b8,颱風楊柳增強長胖 陸警範圍增金門 | 生活 | 要聞 | 經濟日報,9ab9f931-7c36-4c69-9153-b7c41bf4478d,0,Changhua;Chiayi;China;Green Island;Hualien;Kinmen;Lanyu;Meteorological Bureau;Miaoli;Penghu;Taipei;Taitung;Taiwan;The Meteorological Bureau;Typhoon Yang Liu;Yang Liu;Yang Liu's;Yunlin;Zhu Meilin;the Bashi Channel;the Central Weather Bureau's;the Chianan Plain;the Meteorological Bureau;the western sea,2025-08-13 00:39:11
0dbd3e1d-2ffc-4e3f-91c2-29373c7a09bf,"
美國駐聯合國代表：中國在巴拿馬運河的影響力對對全球貿易與安全構成潛在威脅
",b587145c-8e71-466f-b6c5-da64714ae4e7,119,Atlantic;Beijing;BlackRock;CSIS;Center for Strategic and International Studies;China;Donald Trump;Hong Kong;Hutchison Whampoa;Hutchison Whampoa Group;Hutchison Whampoa's;José Raúl Mulino;Landbridge Group;Longjiang Hutchison Industries;Marco Rubio;Margarita Island;Pacific;Pacific Oceans;Panama;Panama Canal;Shea;State;The Financial Times;The UN Security Council's;The United States;Trump;Truth Social;UN;US;Washington;the Panama Canal Authority;the Security Council;the UN Dorothy Shea;the UN Security Council;the UN Shea;the US Navy;the United Nations,2025-08-13 00:36:00
974c0f56-8e5c-428f-b93a-836f6d93466e,"
特朗普在與英特爾CEO會面後稱他的成功是“精彩的故事”，要求下週向他提出建議
",891d389c-f6da-42bd-8d61-cc5ac15e1931,120,America;Cadence Design Systems;California;Commerce;Donald Trump;Germany;Howard R. Lorber;Intel;Lip-Bu Tan;Malaysia;Nanyang Technological University;Ohio;Poland;San Francisco;San Jose;Scott M. Berson;Singapore;Tan;Tom Cotton;Treasury;Trump;US;VOA;White House;the Chip and Science Act;the Massachusetts Institute of Technology;the Treasury,2025-08-13 00:35:00
312b923b-193c-46b3-bae1-bc362d060cb4,颱風楊柳增強長胖　陸警範圍增金門,9ab9f931-7c36-4c69-9153-b7c41bf4478d,0,Central News Agency;Changhua;Chiayi;China;Green Island;Hualien;Kinmen;Lanyu;Meteorological Bureau;Miaoli;Northeast;Penghu;Taipei;Taitung;Taiwan;The Meteorological Bureau;Typhoon Yangliu;Yangliu;Yu Xiao Han;Yunlin;Zhu Meilin;the Bashi Strait;the Chianan Plain;the Greater Taipei;the Meteorological Bureau;the Meteorological Bureau's;the west coast,2025-08-13 00:31:00
cec4e329-439a-4878-b0ce-c21f6f7bbd12,國寶級女大生下海拍AV！自曝出道原因「喜歡性行為」,c2b9d154-f57f-427c-9146-d1c3a6e27427,121,AV;Central School Sports Competition;Chūmi Na;Japan;Ke Zhenzhong;Miyasaka Rei;the AV Industry,2025-08-13 00:31:00
227dd16b-8e9b-4853-9600-413aeb60c7c8,颱風楊柳增強長胖　陸警範圍增金門,9ab9f931-7c36-4c69-9153-b7c41bf4478d,0,CNA;Central News Agency;Changhua;Chiayi;China;Green Island;Hualien;Kinmen;Lanyu;Meteorological Agency;Miaoli;Northeastern;Penghu;Taitung;Taiwan;The Meteorological Agency;Typhoon Yangliu;Yangliu;Yu Xiaohan Taipei;Yunlin;Zhu Meilin;the Bashi Strait;the Central Meteorological Agency's;the Chianan Plain;the Greater Taipei;the Meteorological Agency;the western sea,2025-08-13 00:31:00
4ed345ec-354e-4d2d-bbf7-a1258377f7ca,中國流亡作家廖亦武：臺灣人對獨裁認識遠遠不夠 | 政治 | 三立新聞網  SETN.COM,5bee1b4f-1b2a-489c-b286-d744403a3ca1,122,Central News Agency;Chiang Kai-shek's;China;Germany;Hong Kong;Liao Yiwu;Liao Yiwu's;Ma Ying-jeou;Putin;Sichuan;Slovakia;Taipei;Taiwan;Ukraine;West;Xi Jinping;the Communist Party;the Communist Party's;the Czech Republic;the Havranek Library Foundation;the Legislative Yuan;the Sunflower Student Movement;the United States,2025-08-13 00:29:00
0c0b5b5a-fc78-4c4d-9c61-a6cf7a933f20,破紀錄大雨狂炸日本九州　多地淹水、土石流已3死、6傷,42dcedbd-abb4-4657-b545-89b9b3e8c156,123,Fukuoka;Heavy Rain Brings Disaster;Hokuriku;Japan;Kagoshima;Kanto;Kinki;Kumamoto;Kyushu;Kyushu Region;Kyushu region;NHK;Nagasaki;Sanyo Shinkansen;Shinkansen;The Japan Meteorological Agency;Tokai,2025-08-13 00:28:00
68dc755f-70e6-47ae-9946-60a8719a329d,廖峻三度中風倒下後...莫名多出3筆刷卡訊息　兒不忍了深夜公開證據開戰 | 娛樂星聞,57c4842d-c380-40fa-91d2-43823f6893aa,124,ICU;Liao Jin De;Liao Jun San;Yang Miss,2025-08-13 00:28:00
e1cb7ce7-0e25-4b00-9cd0-98dbf5f519b5,獨家／Fubon Angels練習生初登場　貝兒竟成「獨眼龍」！她無奈說病因 | 運動 | 三立新聞網  SETN.COM,0f0a5080-9074-44aa-a10c-0b6104990460,125,Braves;Bèi;CPBL;Fubon Angels;Fubon Blue;Fubon Braves;Laynee;Mini;Sanli News Network;Xiao Jian,2025-08-13 00:26:00
3b5664d4-56a0-4c2f-b967-04ff5c4d77d8,涉夏威夷72億豪宅開發案糾紛　大谷翔平及經紀人挨告 | 國際 | 三立新聞網  SETN.COM,225922d9-88b5-46cc-ba69-8569251f32aa,126,AP;Babe Ruth;Balelo;CAA Baseball;Central News Agency;Conde Nast Traveler;Hapuna Beach;Hawaii;Hayes;Japan;Kevin J. Hayes Sr.;Kingsbarn;Kingsbarn Realty Capital;Matsumoto;Nez Balelo;Ohtani;Shohei Ohtani's;Tomoko Matsumoto;US;Vista;the Hawaii Circuit Court,2025-08-13 00:26:00
18c978c5-df18-4f06-8ce1-0c5907a8fa77,颱風楊柳來襲彰化正常上班上課！王惠美臉書被灌爆 | 中天新聞網,9ab9f931-7c36-4c69-9153-b7c41bf4478d,0,Changhua;Changhua County;Chiayi County;Hualien;Hualien County;Kaohsiung City;Kinmen;Kinmen County;Miaoli;Miaoli County;Nantou County;Penghu;Penghu County;Pingtung County;Taichung;Taichung City;Tainan City;Taitung;Taitung County;Taiwan;The Central Weather Bureau;Typhoon Yangliu;Wang Huimei;Wang Huimei's;Yangliu;Yunlin County;netizens;the Bashi Strait;the Central Weather Bureau's,2025-08-13 00:23:00
0d85e5fc-40df-4365-b6b8-bf34dfa95723,中職／魔神樂連21.2局無責失分！樂收單場MVP 最想感謝「這2人」 | 棒球 | 運動 | NOWnews今日新聞,58b70c4d-7157-4982-9da0-3fdfc9bb2fce,127,Aisu Te;Lin Cheng Fei;Lin Li;Lin Li Quan;Lin Li's;Loh Tsai Tien's;Lü Shén Lè;Lü Shén Lè's;MVP;Taiwan Steel's;Zhang Min Xuan,2025-08-13 00:19:22
21429e78-626b-45be-9bb8-e232aa833fa4,許凱喝醉超失控！脫褲要給楊紫小費 荒唐行徑曝光｜東森娛樂,15982724-ce49-4366-a786-aaa9fc51fc02,128,Cheng Huanyi;Magician;Xu Kai;Xu Kai's;Yang Zi;Yang Zi's;Yao Zhiming;magician,2025-08-13 00:18:00
982d3f2d-b89e-4695-80d0-83ae6f18eee4,快訊/川普最新發文揚言提告他！ | 中天新聞網,8c6bbc04-3552-4117-bf81-d2d4c684a29d,8,Donald Trump;Dow Jones;Federal Reserve;Jerome Powell;Powell;Trump;US;the US Labor Department,2025-08-13 00:15:00
0186a1c2-81c2-4d41-9842-18ffc3d19fbf,為了省錢，連戀愛都不能談？她25歲環遊世界還能存200萬：零花費約會高手的三個秘訣 | 個人理財 | 理財 | 經濟日報,c2b2f2df-6f9d-445e-a828-830d206fb5f7,129,A Po Jie Jie;Busan;Happiness Culture;Ulsan;YouTube;nitpick,2025-08-13 00:14:44
05cf5a38-d908-4242-b62d-f319280ee1ea,颱風停班停課！麥當勞有開嗎 必勝客7大速食、外送營業時間一覽 | 美食旅遊 | 生活 | NOWnews今日新聞,1c0c7947-ea91-465b-94a3-61e273fef4ac,130,Domino;Foodpanda;KFC;Kaohsiung;Major Fast Food Chains Suspend Delivery Services;McDonald;McDonald's;Tainan;Typhoon Approaches;the Burger King,2025-08-13 00:14:05
195ce831-9dfd-41dd-b60f-ce0a5defa96d,詹江村偷拍發文拒道歉　黃瓊慧還原始末：不知道他們要怎麼弄我 | 政治 | 三立新聞網  SETN.COM,c5713bee-34ef-4f6d-914b-ccb7a53983ca,131,Chan;Chan Jiangcun;Chan Jiangcun's;Councilor Huang Qionghui;DPP;Democratic Progressive Party;Host Li Zhenghao;Huang Qionghui;KMT;Kuomintang;Li Zhenghao;Taoyuan;Wang Yichuan;Wang Yichuan's;Xu Xinting's;the New Taiwan Online,2025-08-13 00:14:00
21693e3f-10e5-4c8c-a835-0dacff4762fe,颱風動態不斷更新／楊柳估中午登陸臺東！氣象署：14縣市陸上警戒 | 天氣預報 | 生活 | NOWnews今日新聞,9ab9f931-7c36-4c69-9153-b7c41bf4478d,0,Changhua;China;Hualien;Kaohsiung;Keelung;Kinmen;Miaoli;NOWNEWS;Nantou;Pacific;Penghu;Pingtung;Taichung;Tainan;Taipei;Taitung;Taiwan;The Central Weather Bureau;The Taiwan East Coast sea;Typhoon Yangliu;Typhoon Yangliu's;Yunlin;Zhu Meilin;the Bashi Channel;the Taiwan Strait;the weather bureau,2025-08-13 00:10:52
d12d328c-7912-42c4-99cb-959c6977b39d,「國民閨女」被媽逼婚！不忍了怒爆衝突宣告離家　和頂頭上司擦出愛火 | 娛樂星聞,15982724-ce49-4366-a786-aaa9fc51fc02,128,Cheng Huan Ji;Ma Cheng Huan;Xie Ke;Xie Ke's;Yang Zi,2025-08-13 00:10:00
96ce8bfa-f29e-4ef0-b5f5-480b70333747,國際火線／加薩未來命運：變成川普的《西方極樂園》？,47b68b9a-658f-43ab-b5d8-48340bcacf50,132,Australia;Canada;Deteriorate;Diaspora;Egypt;France;Gaza;Gaza City;Gaza Strip;Germany;Israel;Netanyahu;Old Netanyahu;Palestine;Photo/Reuters;Rafah;Trump;UAE;UK;Zhu Jinhua;the Gaza Strip;the Jordan River;the UN General Assembly;the United Nations;the United States;the West Bank,2025-08-13 00:07:00
1dedb246-0e02-49d1-91db-0c039dab6572,多啦Ａ夢真的會問世　NVIDIA發表機器人新研發技術 | 財經 | 三立新聞網  SETN.COM,6b19fbc1-c30b-4566-a58f-b9127cc9703b,133,"3D;AI;AOUSD;Adobe;Amazon Devices & Services;Amazon Robotics;Ansys;Autodesk;Boston Dynamics;CARLA;CLIP;Cosmos Reason;Cosmos Transfer;DGX Cloud;FiftyOne;Ford;Foretellix;Hexagon;Isaac Lab;Isaac Sim;Isaac Sim 5.0;Lightwheel;Lightwheel, Moon Surgical;Linker Vision;MJCF;Magna;Milestone Systems;NVIDIA;NVIDIA Cosmos;NuRec;Omniverse;Omniverse NuRec;Omniverse RTX's;Omniverse SDK;PTC;Pixar;Porsche;RAI Institute;Rev Lebaredian;Rockwell Automation;SDK;SIGGRAPH;Siemens;Skild AI;TCS;USD;VAST Data;VLA",2025-08-13 00:05:00
85ecbac3-407e-4dfb-9c73-384a86143cf6,樂天女孩前進美國！嘎琳喊話「最想見到他」創臺灣啦啦隊紀錄｜東森娛樂,b46ee72c-5e56-4f33-a0ee-50eacf87bf2d,134,Dai Yi;East Coast;Ga Lin;Gao Qianfan;Hong Kong;Hong Kong Computer and Communications Festival;Jun Xi;Kaho;Kira;Lamigo;Lin Da;Lin Yi-Xuan;Major League Baseball;Monkeys;New York Mets;Qu Qu;River Joo-hyun;San Francisco Giants;Shogo Akiyama;The Chinese Professional Baseball League's;Xiao Zi;Ying Le;Yu Tong;the Hong Kong;the Hong Kong Science and Technology Fair;the Los Angeles Dodgers;the United States,2025-08-13 00:03:00
f4321109-a6a9-462d-be69-6c4d6a44715b,Perplexity擬砸1兆元強奪Chrome！ 谷歌帝國岌岌可危,f55128fd-bf1f-4e35-bba8-56c474707c7d,135,AI;Alphabet;Apollo Global Management;Aravind Srinivas;Chrome;Chrome Browser;Chromium;Gabriel Weinberg;Google;Nvidia;OpenAI;Perplexity;Reuters;TikTok;US;Wu Li;Yahoo;the US Department of Justice,2025-08-13 00:02:00
85a11393-a078-43d5-bb17-f979dc321471,韓國前總統夫人金建希涉賄被羈押！與尹錫悅同進看守所創罕見紀錄 | 國際要聞 | 全球 | NOWnews今日新聞,b30315cd-61aa-4d5c-b2e1-f561c875f4a4,24,BMW;Hyundai Motor's;Kim Keon-hee;National Assembly;Yonhap News;Yoon Suk;Yoon Suk-yeol;the Seoul Central District Court;the Seoul Southern Detention Center,2025-08-13 00:01:55
0709cd34-e50c-4c71-b659-ad15f41e5f5f,不斷更新／楊柳撲臺「9縣市停班課」　今日懶人包一次看,9ab9f931-7c36-4c69-9153-b7c41bf4478d,0,Central Region;Changhua County;Chiayi City;Chiayi County;ETtoday News Cloud;Eastern Region;Hsinchu City;Hsinchu County;Hualien County;Jinmen County;Kaohsiung City;Ke Peichen;Keelung City;Lienchiang County;Miaoli County;Nantou County;New Taipei City;Northern Region;Photo / Central Weather Bureau;Pingtung County;Southern Region;Taichung City;Tainan City;Taipei City;Taitung;Taitung County;Taiwan;Taoyuan City;Yangliu;Yilan County;Yunlin County;the Central Weather Bureau's,2025-08-13 00:01:00
75e7cfb7-844a-434e-ab48-08bbfab6f629,快訊/還在增強！楊柳颱風陸警擴至14縣市　「這縣市」也列警戒 | 中天新聞網,9ab9f931-7c36-4c69-9153-b7c41bf4478d,0,Changhua County;Chiayi County;Green Island;Hengchun Peninsula;Hualien;Hualien County;Jinmen;Jinmen County;Kaohsiung City;Keelung;Lanyu;Miaoli;Miaoli County;Nantou County;Penghu;Penghu County;Pingtung County;Taichung City;Tainan City;Taitung;Taitung County;Taiwan;The Central Weather Bureau;Yangliu;Yunlin County;the Bashi Channel;the Central Weather Bureau;the Matsu Islands;the Taiwan Strait,2025-08-13 00:01:00
36917fd0-37bf-4aae-bb3c-6ba2a3ba0f90,"
                          零負評女神Kelly「連發2文曝近況」　消失9個月鬆口未來動向                      ",2f88fd59-fd54-45af-9ca5-f96732ac29e4,136,IG;Instagram / thekellyyang;Kelly;Kelly Yang;Photo / Reproduced;Taiwan;Wang Jingchun;YouTuber Kelly;netizens,2025-08-12 23:59:00
299ac6f2-7040-44e5-ae7f-ed51f6220bb4," 
  韓越擴大貿易規模 目標2030年達到1500億美元
",2093d995-43da-4408-bbe4-0bc39b68bceb,137,Lee Jae-myung;Nguyen Phu Trong;Seoul;South Korea;South Korea-;US;Vietnam;the Communist Party;the Dongya Daily News,2025-08-12 23:58:00
b8bcfbc4-c59e-4638-8fca-f6651b686f88,成都世運／秋風掃落葉擊敗亞塞拜然好手　張煥宜散打70公斤鍍銅 | 運動 | 三立新聞網  SETN.COM,0f2a4545-fe03-46fa-ac16-2f20ea7589b5,21,André Ceasar Adolfo;Azerbaijani;Chengdu;Hong Kong;Piraliyev Ruslan;Taiwan;Zhang Huanyi;Zhang Yilin;the Hangzhou Asian Games,2025-08-12 23:57:00
2d3bce4c-4f40-4dd7-99f8-bd6396531022,快訊／楊柳颱風來勢洶洶！臺東登陸後「貫穿臺灣」　南部嚴防強風豪雨 | 生活 | 三立新聞網  SETN.COM,9ab9f931-7c36-4c69-9153-b7c41bf4478d,0,Changhua;Chiayi;Chiayi County;City;Green Island;Hsinchu;Hualien;Hualien County;Kaohsiung;Kaohsiung City;Keelung;Kinmen;Lanyu;Miaoli;Nantou;Penghu;Penghu County;Pingtung;Pingtung County;School and Traffic Information;Taichung;Tainan;Tainan City;Taipei;Taitung;Taitung County;Taiwan;Taoyuan;Yang Liu;Yilan;Yunlin;Yunlin County;the Central Mountain Range;the Central Weather Bureau;the Taiwan Railways Administration,2025-08-12 23:56:00
d9054e32-88bd-4289-915d-e8c783728f05,"
                          《美人魚》鄭總涉猥褻兒童正式被捕！　利用選角誘騙「全劇組受害」                      ",f8f9d2af-a322-46d3-a501-3a27d5c0dcbe,138,Cai Yi Fang;Haikou;Haikou City Public Security Bureau;Jackie Chan's;Photo / Reproduced;Procuratorate;Wang;Weibo;Zheng Ji Feng;Zheng Ji Feng's;Zheng Zong;the Longhua Branch,2025-08-12 23:55:00
097a6f6b-be11-4491-8e63-3f3e8a4b7817,桃園老街溪容積移轉計畫上路　防洪整治兼土地有效利用,8e70bade-3a84-428a-9d2e-83b968d27795,139,"Beigang;Dadaocheng;Dadaocheng District Old Street;Dadaocheng District Xin Yuan Bridge;District Old Street Creek Bridge;Nangang;Old Street Creek;Photo / Water Bureau;Taoyuan;The Old Street Creek;The Water Bureau;Xigang;Yang Shu-yuan;Zhonggang;the ""Old Street Creek;the Old Street Creek;the Taoyuan City Government Water Bureau;the Taoyuan City Government Water Bureau - Convenience Services - Density Transfer Zone;the Urban Planning Density Transfer Implementation Regulations",2025-08-12 23:54:00
11e9eb41-4a82-4786-8653-49b9d485f52b,快訊／臺灣22歲男到大馬旅遊　42樓墜下死亡！,2a7449fe-875e-45aa-8ee3-c1923420852c,140,China Times;Illustration / Da Zhi Image;Klang;Kuala Lumpur;Malaysia;SDR;Suicide Prevention Hotline;The Taipei Economic and Cultural Office;Tseng Yi Xiang;Xu Rui Rong;the National University Hospital,2025-08-12 23:53:00
1d08f04f-28c5-4ce2-9bd4-dd3fc29a6eba,男性癌症發生數第3位　林口長庚：攝護腺癌60 歲以上佔七成,f9c765cf-fe83-4e4a-a0a6-d833699fdb08,141,CHI Memorial Hospital;Chen Chien-tsung;DRE;Health Prostate Cancer Education Lecture and;Linou CHI Memorial Hospital;PSA;Taiwan Cancer Registry Report;Yang Shu-yuan;the National Health Insurance Administration's,2025-08-12 23:53:00
cdd40df1-9567-487a-b608-ea6fdf3f6873,聶雲爆拒演《零日攻擊》！製作人認很受傷 他喊冤吐內幕｜東森娛樂,e3804238-b528-444d-ad6a-3eb96f02057e,142,Feng Xiaoyue;Janet;Jenson;Jiang Zhencheng;Mookie Cook;Nie Yun;Peggy Chen;TaiwanPlus;US;Vanessa Hope;Wang Wenxiang;Wang Yongqing;Zheng Xinmei,2025-08-12 23:52:00
a7913d92-4766-4999-894c-882ec3abbeca,美前國務院顧問再撰文 質疑美國會對臺支持 籲臺應重新定義臺灣 | 國際焦點 | 國際 | 經濟日報,6441101c-4717-4cc2-a406-d4cab46d82a1,143,Biden;Bush;Chiang Kai-shek;China;China Airlines;China Steel;Christian Whiton;Congress;Dubai;Lee Teng-hui;RIMPAC;Singapore;Taiwan;Taiwan Caucus;Trump;Tsai Ing-wen;US;Whiton;the Legislative Yuan;the Republic of China;the State Department;the Taiwan Relations Act;the US Congress;the US Congress for;the US State Department,2025-08-12 23:51:16
f2aa45a6-ca06-4807-bf3b-e580d875ef12,她25歲前旅行過20幾個國家，竟同時存下200萬：該玩的時候好好玩，但要邊存錢邊玩 | 個人理財 | 理財 | 經濟日報,480bd6f1-92dc-46a7-a8a1-2938e720949f,144,Gangneung;Gimpo;Korea;YOLO;YouTubers;the Korea Post,2025-08-12 23:51:14
9855ce26-3b1e-4c35-8415-7f1f6694da85,講不聽！管碧玲颱風天「重大宣佈」 | 中天新聞網,e5f33fdf-350e-4c63-9647-e1d45b3ae538,145,AIS;CGA;Dana;Harbour Bureau's;Huang Bi-Ling;Maritime Center;Port;The Coast Guard;The Coast Guard Administration;the Automatic Identification System;the Coast Guard;the Coast Guard Administration;the Coast Guard Administration's;the Industrial Port Management Agency;the Taiwan Port;the Vessel Traffic Service,2025-08-12 23:50:00
e9549686-f3c0-4456-b5f9-bed440e01d09,中職／嘎琳也瘋大谷翔平！美國行將見到偶像 自曝會做「這件事」 | 棒球 | 運動 | NOWnews今日新聞,9c2cd9ff-0fc3-449a-b45f-a4849596bc86,146,Dai Yin;Dodgers;Ga Lin;Hong Kong;Hong Kong Computer and Communications Festival;Ji Hye-ran;Kaho;Kira;Kōriyama Kayo;Lin Da;Lotte;Ohtani;Pirates;Ru Tong;Shohei Ohtani;US;Xiao Zi;Ying Le;Yun Xi;the Los Angeles Dodgers;the Taiwan Day;the United States;the east coast;the west coast,2025-08-12 23:48:19
5620e3bb-8681-4e9d-80ff-bb1225e2335b,中國海警追菲艇遭戲耍糗撞自家船艦！菲律賓表揚船員授勳 | 國際要聞 | 全球 | NOWnews今日新聞,ad355eee-5a2b-49e2-acc3-f742ff22ffd6,147,BRP Suluan;Gan Yu;Gavan;Global Times;Guilin;Huangyan Island;PLA;Ronnie Gil Gavan;Suluan;The Philippine Coast Guard;the Chinese Coast Guard;the Manila Port Area;the Philippine Coast Guard;the South China Sea;the coast guard ship,2025-08-12 23:47:13
09a78924-449c-4847-a634-13ea9d1f15ef,臺灣手機7月降幅排行出爐　各品牌乏力全軟、蘋果迎新機潮沒進榜,95dcc907-e2a6-4504-8da5-cb1d0c8d4371,148,Apple;GB;Google;Jiesheng Telecommunications;Motorola;Motorola Razr 60;OPPO;Pixel;SHARP;Samsung;Su Sheng-yen;Taiwan;Xiaomi;iPhone;the Mix Flip;the Motorola Razr 60 Ultra,2025-08-12 23:47:00
15796a41-7732-462c-b4a8-8c235eb926a3,獨家／憂路斷只能放著爛　仁愛鄉近40車加急運出蔬果 | 生活 | 三立新聞網  SETN.COM,e01930e3-1109-42e4-a0f4-49b8828ff59f,149,Banqiao Taichung;Beigang;Beinan;Farmer;Hong Shu Mei;Nantou Ren'ai Township;Ren'ai Township;Ren'ai Township Agricultural Association's;Supply and Marketing Department;Taiwan;Tamsui;the Ren'ai Township Agricultural Association,2025-08-12 23:44:00
43f6162d-5eaa-4ea8-a900-f1e4626aa6dd,快訊/小琉球「威脅下跪」潛水店老闆宣佈關店！ | 中天新聞網,33518c46-1222-43be-815f-5b5fed415f96,150,Liuqiu Island;Pingtung;Taipei;Tian;the Donggang Police Station,2025-08-12 23:43:00
3e412b49-5559-4c53-8860-96c22fa911ac,郭智輝嗆屏東挺核三延役「拿掉敦親睦鄰費」！網炸鍋：先拿你薪水,afcb1781-8a88-4405-8a4c-efeca125da79,38,Guo Zhihui;Guo Zhihui's;Min Wen Yu;National Party;Pingtung County;SMR;Su Qingquan;Tu Hui Gang;netizens criticizing;the Legislative Yuan,2025-08-12 23:42:00
ff4d781a-170b-48a9-88ad-7ea4336b53b5,楊柳「登陸大變」風雨急猛增強！　角隅效應10級強風狂吹北臺灣,9ab9f931-7c36-4c69-9153-b7c41bf4478d,0,11th Storm;Chiayi;Hualien;Miaoli;Penghu;Pingtung;Taiwan;Taiwan Braces for Typhoon Podul;Taiwan Typhoon Forum;Weather;Yunlin;eastern coast;the Bashi Channel;the Central Weather Bureau,2025-08-12 23:42:00
4c233ac9-1a4a-4945-8e01-b5ad47fc433c,快訊／南韓前總統夫人金建希涉收賄、炒股　遭法院裁定羈押,b30315cd-61aa-4d5c-b2e1-f561c875f4a4,24,Kim Jin-si;Lady Kim Jin-si;Myung Tae-jun;Photo / Reuters;Unification Church;Volkswagen;Yonhap News;Yoon Suk;Zhao Cai,2025-08-12 23:41:00
c517b1be-0d7b-4723-bfcb-963a99b9917f,柯文哲怨「關一年沒見過陽光」　陳佩琪哭癱沙發上 | 社會 | 三立新聞網  SETN.COM,436280c5-8920-45de-81a1-6908f82d69ae,151,Chen Peiqi;Jinghua City;Keelung;Keelung City;Ko;Ko Wen-je;Ko Wen-je's;Qiu Peilin;Shen Qingjing;Taipei Mayor's;Taiwan;The Taipei District Court;Xie Guoliang's;Xie Mingzhu,2025-08-12 23:41:00
7f8d8caa-ef2c-4120-b3b9-8ca2c534eb5e,邰智源力挺《木曜4》阿良！誇新節目拓展臺日交流：很值得讚賞｜東森娛樂,405e1d96-7e6a-4dc3-b6c7-bc6c15bbd9a7,152,AOI;Bi Ai;Bi Ai AOI;Fukuoka Tenjin;Japan;Saito;Seize;Taiwan;Vaundy;YABE;Yuji Saito;Zhi Yuan,2025-08-12 23:40:00
5a19f495-e6ad-477c-a44a-a6b82e791b08,臺南屋損逾2萬又遇颱風楊柳來襲　政院：必要時勸離安置 | 中天新聞網,706057e2-1b4e-4119-bed5-e3a18277d19c,153,Central News Agency;Chiayi;Chiayi County;Storm Danas;Tainan;Tainan City;Tainan City Government;Taiwan;The Command Center;The Executive Yuan's;Typhoon Yanli;Yunlin-Chiayi Disaster Aftermath Reconstruction Command Center;the Ministry of Economic Affairs,2025-08-12 23:38:00
4c83b48e-4bf2-4c5a-834d-795bb1484145,連日豪雨又臨颱風！青蔥飆破200元　菜價回穩恐再等兩週 | 生活 | 三立新聞網  SETN.COM,dc9d13ce-3ced-4866-87c1-f1299abefce8,154,Farmer Lin Zongyi;Jiankang Market;NT$25;NT$70;Taichung;Taiwan;Yunlin,2025-08-12 23:37:00
d0b2e05c-f88a-449f-a324-42e8f2b5569f,快訊／颱風楊柳來襲進逼東臺　臺九線金崙大橋路段預警性封閉 | 社會 | 三立新聞網  SETN.COM,7c400b6b-a3ec-4cdc-9e3e-dbe7dde16da9,155,Disaster Prevention and Relief Information System https://bobe168.tw/;Golden Village-;Intelligent Highway Information Service;Taiwan;The Department of Transportation and Communications';The Highway Bureau;Yang Lius Typhoon;the Highway Bureau;the Highway Bureau's,2025-08-12 23:37:00
b1888fda-f43c-4f28-9b41-4a5028ee658f,林襄經紀人莉奈控紐西蘭豪華飯店歧視！　遇假火警急濕身疏散還被拒退款 | 娛樂星聞,2ec67673-6f84-4d2c-b9d8-0487ac5eece6,156,Lily Lin;New Zealand;Queenstown,2025-08-12 23:36:00
9fb78c91-b08c-43de-b962-82a448a9a49c,甩耳光逼大學生下跪　小琉球潛水名店「田老大」倒了│TVBS新聞網,d71e49c4-c048-408e-bbd3-d0b750b1e8d5,157,"Taipei;Xiao Liuqiu;the ""Uncle Team",2025-08-12 23:36:00
af961735-c56e-44aa-9180-484804b21668,埔里店家人心惶惶　上個廁所小偷就光顧 | 社會 | 三立新聞網  SETN.COM,3ebbdeb6-c818-4ba8-95cb-f767ff01e338,158,Nantou County;Nantou County Puli Township;Puli Township,2025-08-12 23:33:00
22112d87-1d02-4059-8a96-71916df74ae4,韓國前第一夫人金建希被捕　與尹錫悅成首對同時入獄前總統夫婦│TVBS新聞網,b30315cd-61aa-4d5c-b2e1-f561c875f4a4,24,Deutsche Auto;Jianzhen;Jung In-ok;Kim Gi-hyeon;Seoul Central District Court;South Korea's;Specific Crimes;Yoon Suk-yeol;Yoon Suk-yeol's;the 2024 National Assembly;the Aggravated Punishment;the National Party's;the Unification Church,2025-08-12 23:32:00
1832b78e-ad44-4c8d-a3a4-5383540b98b5,道奇「美式肌肉車Charger陣容曝光」！雙渦輪6缸引擎＆電動版並行,c285aa90-15c5-4dc1-a434-1a0f99e967ee,159,AWD;Charger;Daytona Scat Pack;Dodge;Fratzog;Matt McAlear;SIXPACK;Scat Pack,2025-08-12 23:31:00
277114f9-b3ed-469c-851e-82f2eb7f3e85,快訊／颱風夜不平靜　嘉義市新建街「木造房大火」延燒6戶│TVBS新聞網,13927377-0a6e-4df0-9cd7-ee9a86ee64b4,160,Jiayi;Jiayi city,2025-08-12 23:31:00
0b719f57-fbf1-432c-9512-6e7fee36530c,川普再施壓鮑爾降息　批聯準會整修案揚言提告 | 美國新聞 | 國際 | 經濟日報,8c6bbc04-3552-4117-bf81-d2d4c684a29d,8,Donald Trump;Dow Jones;Federal Reserve;Jerome Powell;Powell;Trump;US;the US Labor Department;※ Please,2025-08-12 23:30:33
e1f278c3-9809-4415-b1f7-19104da2c81a,中國不滿林佳龍訪日 中日農業部長會談延期 | 大陸政經 | 兩岸 | 經濟日報,62230483-27bb-471b-88d6-1b31eb909d66,161,"China;Chinese Agriculture and Rural Affairs;Diet;Han Jun;Incheon;Japan;Japanese Agriculture, Forestry;Kishida;Kojiro Goryo;Lin Chia-thung;Lin Chia-thung's;Shioshio;South Korea;Taiwan;The Nikkei Shimbun;Xi Jinping's;the Taiwan-Japan Cross-Party Parliamentary Alliance",2025-08-12 23:30:32
8ea03c3f-ceba-41d6-83ab-d694922b9324,中國不滿林佳龍訪日 中日農業部長會談延期 | 國際焦點 | 國際 | 經濟日報,62230483-27bb-471b-88d6-1b31eb909d66,161,"China;Chinese Agriculture and;Diet;Han Jun;Incheon;Japan;Japanese Agriculture, Forestry and Fisheries;Kishida;Koji Matsumoto;Lin Chia-thung;Shiozaki Yasuhisa;South Korea;Taiwan;Taiwanese Agriculture Department;Tokyo;Xi Jinping's;the Japan-China Agriculture and Water Ministerial Meeting;the Japan-Taiwan Inter-Parliamentary Exchange Association",2025-08-12 23:30:32
a4151678-ed99-475c-9f6b-0421d7ff562a," 
  兆豐銀擬大動作裁撤海外七家分支行
",ee9a1927-27c5-47fa-8d47-444b9a13894e,162,Amsterdam;Australia;Cambodia;China;Daun Penh;Europe;Financial Supervisory Commission;Fubon Bank;Fubon Bank's;Fubon Financial Holding;Kunshan;Melbourne;Phnom Penh Thmei;Suzhou;the Financial Supervisory Commission;the Phnom Penh Sangke,2025-08-12 23:29:00
362aa17e-90ff-49be-8d99-4be3ef3e5c2c,她25歲開始準備退休，花10年衝刺本業提高身價：沒有認真工作，哪來閒錢投資？ | 個人理財 | 理財 | 經濟日報,fd8a39d9-53cc-4a86-932f-4eefa7d67ac1,163,Apo Jiejie;Happiness Culture;Korea;YouTuber;※ Please,2025-08-12 23:27:39
073616b1-e541-4ce0-a5f9-d50ff15a2202,LIVE／中颱楊柳變強「陸警擴大14縣市」　氣象署最新說明,9ab9f931-7c36-4c69-9153-b7c41bf4478d,0,Hualien;Ke Pei-Chen;Kinmen;Miaoli;Photo / Central Weather Bureau;Podul;Taitung;Taiwan;the Central Weather Bureau,2025-08-12 23:27:00
a60f4fae-bd87-4508-9faa-bcf2a63be56b,快訊／中國恒大將掰了！確定除牌下市　最後交易日曝光,6430be3e-ce26-44c1-9ba4-3445c7557dd6,164,"Beijing Jin Su Law Firm's;Caixin, Evergrande;China Evergrande Group;Evergrande;Hong Kong;Huang Lidong;Huisheng International Capital's;Wang Yuchen;Xu Jiayin;Yan Yuejin;Yi Zhu Research Institute's;Zhang;Zhang Dawei;Zhongyuan Real Estate's;the Hong Kong Stock Exchange;the Hong Kong Stock Exchange's;the Hurun Rich List",2025-08-12 23:26:00
c98cc602-908e-48f8-9b50-aa983775e8cb,"
特朗普簽署行政命令將美中關稅休戰延長90天
",50c96342-bb1a-4b8c-baa8-77263faa94cc,40,"Beijing;CNBC;China;Donald Trump;Geneva;Stockholm;Trump;US;Xi Jinping;the ""Truth Social",2025-08-12 23:26:00
318b5cff-8769-4ea4-bf5e-157c0fa9c162,涉違證交法　聚鼎科技董事長移送北檢複訊,34b72ceb-1536-4967-91d2-ae0d82368f07,165,Aguda Technology;Aguda Technology's;Central News Agency;Chen Zhengjian;Henkel;Lin Chang-shun;TCLAD;Taipei;The Taipei District Prosecutors Office;US;Zhu;the Securities and Exchange Act;the Taipei District Prosecutors Office,2025-08-12 23:25:00
41ee0b08-143f-4229-97ae-051e2808696d,涉違證交法　聚鼎科技董事長移送北檢複訊,34b72ceb-1536-4967-91d2-ae0d82368f07,165,Aguda Technology;Aguda Technology's;Aguye Technology;Central News Agency;Henkel;Lin Zhangshun;TCLAD;Taipei;The Taipei District Prosecutors' Office;Zhu;the Investigation Bureau;the Securities and Exchange Act;the Taipei District Prosecutors' Office,2025-08-12 23:25:00
5a3ecc89-4070-482d-a07c-0d2be064aedf,廣達 GB300 9月出貨、ASIC 伺服器2026年發酵 量子運算兩主流都壓寶 | 產業熱點 | 產業 | 經濟日報,d11e76a4-4569-4d91-b720-0a014133f6fa,166,AI;China;GB200;Gigabyte;Mexico;North America;QCCD;Quantian Inc.;Rigetti;US;Yang;Yang Junlie;quantum,2025-08-12 23:23:10
6e84c0c8-fcd1-47f7-9361-2162789bee00,獨家／韓系證件照修太大！　領務局：護照申請恐退件 | 生活 | 三立新聞網  SETN.COM,b196ad6c-11e4-4d6f-8096-98befd8d8dd9,167,Consular Affairs Bureau;Ministry of Foreign Affairs Consular Affairs Bureau;Passport Issuance Service Section;The Consular Affairs Bureau;Zhang Jiacheng;the Ministry of Foreign Affairs;the Ministry of Foreign Affairs',2025-08-12 23:23:00
d073bf8c-a5dc-403d-ac33-21e1c1c93a57,SOD首位臺籍女優遭嗆「在臺厭男在日被X」 不忍回擊了｜東森娛樂,c1c4e57f-d8c7-4ef1-9833-50b75fb14ac0,168,Japan;Sairei Itsuki;Taiwan;a Yan Nan;netizens,2025-08-12 23:23:00
f966064d-3cae-42a3-89e9-633d3c0fbedb,中職／全場齊喊「Let's go Franco」　富藍戈揮手道別強忍情緒 | 運動 | 三立新聞網  SETN.COM,ad055ecc-e185-42c3-bea2-c1494a4067ed,169,Bucknan;CPBL;Franco;Fubon;Guardians;Suzuki Shunpei;Vamos Franco;the Fubon Guardians;the Uni-Lions;the Uni-Lions',2025-08-12 23:22:00
4577f69f-9428-4bc8-9e73-3983c2a6b519,6月底才與沈玉琳聚餐！佩甄曝他工作狀況：每天都有錄影｜東森娛樂,39dccc90-d9bd-4228-9597-b86103d757de,170,Lin Duan;Pei Chen;Shen Yu-lin;Shen Yu-lin's;Shen Yu-yu;Zhen Xin Sharing Small,2025-08-12 23:21:00
942413ef-20f8-4097-a20f-d18fb392fca7,快訊／聚鼎科技董座朱復華移送北檢　財務主管交保200萬元,20c2db64-e44c-48a6-be96-4d0dfa92c887,171,Guo Yingjun;Han High Group;Hou Quanxing;Journalists Liu Changsong;Juye;Juying;Juying Technology;Juying Technology's;Liu Changsong;TCLAD;The Taipei District Prosecutors Office;US;Wang;Zhu;Zhu Bichuahua;Zou Zhenyu / Taipei Report;the Taipei District Prosecutors Office;the Taiwan Stock Exchange;the United States,2025-08-12 23:21:00
433678d3-7bdd-4ad7-8aa0-249e774a87f7,"
中國海警船與自家軍艦相撞受損，馬尼拉對中方“危險操作”表示“嚴重關切”
",925cf80c-1ca7-4731-9687-0e48847ff5a1,172,BRP Suluan;China;Coast Guard;Donald Trump;EU;Ferdinand Marcos Jr.;Foreign Ministry;Gui Lin;Huangyan Island;Lin Jian;Manila;Marco Rubio;Marcos;MaryKay L. Carlson;Massimo Santoro;Pacific;Pete Hegseth;Philippine Coast Guard;Philippines;Ronnie Gil L. Gavan;Scarborough Shoal;South China Sea;State;The European Union's;The Philippine Department of Foreign Affairs;The US House of Representatives Special Committee;US;coast guard;the Chinese Communist Party;the International Tribunal for the Law of the Sea in The Hague;the Mutual Defense Treaty;the Philippine Coast Guard;the Philippine Coast Guard's;the South China Sea;the United Nations Convention,2025-08-12 23:20:00
6241bd8c-fcd2-476f-a274-63100cad2a39,傅崐萁重砲質詢「國軍救災、五月天遭青鳥出征」　卓榮泰回應了 | 中天新聞網,abe2e35c-cf2e-4acd-adf4-777f1a37e976,173,Chiang Ching-kuo;Chou Hung-tai;Danaes;Executive Yuan;Fu Liu-chi;Jiayi;Kuomintang;Kuomintang Legislator Group;Lai Ching-te;SOP;Tainan;Taiwan;The Legislative Yuan;the Executive Yuan;the Kuomintang Group;the Legislative Yuan;the Ministry of National Defense,2025-08-12 23:20:00
a3cdaa02-4267-43e8-94cc-c680434bc936,憂柯文哲恐被「押到死」陳佩琪嗆做「這事」　北檢反應曝光 | 中天新聞網,436280c5-8920-45de-81a1-6908f82d69ae,151,CTWANT;Chen Peiqi;Chen Peiqi's;Jinghua City;Ke;Ke Wenzhe;Ke Wenzhe's;Keelung;Qiu Pei-Lin;Shen Qingjing;Taipei;Taipei City;Taiwan;Xie Mingzhu;the High Court;the Northern District Prosecutors' Office;the Wei Jing Group,2025-08-12 23:18:00
00cd34a1-545b-4f5b-abd4-5c714cac0709,川普再施壓鮑爾降息　批聯準會整修案揚言提告,8c6bbc04-3552-4117-bf81-d2d4c684a29d,8,CNA Washington;Dow Jones';Federal Reserve;Powell;The US Labor Department;Trump;US,2025-08-12 23:17:00
f7536177-d037-472c-a969-6ae5ba56cd44,中國不滿林佳龍訪日 中日農業部長會談延期,62230483-27bb-471b-88d6-1b31eb909d66,161,"Agriculture, Forestry and Fisheries;Central News Agency;China;Economy, Trade and Industry;Gao Zhufen;Han Jun;Incheon;Japan;Kōra Kiyoshi;Lin Chia-Long;Lin Chia-Long's;Shimoji Junji;South Korea;Suga Yoshihide;Taiwan;Tokyo;Xi Jinping's;Yang Ming Zhu;the House of Representatives;the Minister of Foreign Affairs of;the Nikkei Shimbun;the Taiwan-Japan Cross-Party Parliamentary Alliance",2025-08-12 23:16:00
9c042341-ca6a-4c4c-b096-8c6ae6ef5a92,「Let’s go Franco！」響徹新莊　富藍戈抱愛女向球迷道別,a84ea0fe-b014-492c-86df-0b0be0cead57,174,CPBL;Enderson Franco;Enderson Franco's;Franco;Photo/Fubon Guardians;Taiwan;Wang Zhēnyú;the Fubon Guardians;the New Taipei City Stadium,2025-08-12 23:14:00
6af186a4-ef2d-4e6a-9999-f17dfcf151a7,影／全場高喊Let’s go Franco！富藍戈告別悍將家人：永遠不忘記 | 棒球 | 運動 | NOWnews今日新聞,a84ea0fe-b014-492c-86df-0b0be0cead57,174,Enderson Franco;Enderson Franco's;Franco;Fubon;Fubon Guardians;Suzuki Shunsuke;The Fubon Guardians;the Fubon Guardians,2025-08-12 23:14:00
3d32e6f3-8d4e-4490-bd80-2be9495970bb,馬來西亞情侶遊曼谷遭縱火　泰國允加強觀光區安全 | 國際焦點 | 國際 | 經濟日報,198a1ecd-a883-430f-90d5-87f9e0d76662,175,Bangkok;Lumpini;Sa Kaeo Province;Thailand;The Thai Ministry of Tourism and Sports;Varakorn Pubthaisong;the Bangkok Post;※ Please,2025-08-12 23:13:30
504e009c-422a-4753-b10a-cebdd7884ef1,快訊/大谷翔平驚傳被提告！ | 中天新聞網,225922d9-88b5-46cc-ba69-8569251f32aa,126,Balelo;Dodgers;Hapuna Coast;Hawaii;Japan;Kevin J. Hayes Sr.;Kingsbarn Realty Capital;Major League Baseball;Nez Balelo;Ohtani;Pacific;Shohei Ohtani;Tomoko Matsumoto;USA TODAY Sports;Vista;the Los Angeles Dodgers;the National League West;the United States,2025-08-12 23:13:00
297a4878-6182-41d3-ad6d-ffceef0f0791,日本網紅不解臺灣用LINE習慣　網友一看無奈：想省錢,1b9c4619-5cd0-454b-ab2e-f12ed35976a2,176,Akiyama Yuto;Liu Wei-zhen;Taiwan;Yang Ting-jie,2025-08-12 23:12:00
2b6fd225-7f55-4e7e-a59a-6e7c1629ece9,成都世運／連續5屆都有奪下獎牌！臺灣世運合球擊敗捷克、再進帳1銅 | 運動 | 三立新聞網  SETN.COM,e941d1d5-08ea-498c-ad5e-2c9602a0e72f,177,"Belgium;Cai Zong-you;Chan Ya-han;Chen Jun-da;Chen Qin;Chen Yuan-hao;Chengdu World University Games;Chengdu World University Games

;China;Czech Republic;Czech Republic's;Gao Zheng-you;Group A;Handball Team Wins Bronze Medal;Lin Ya-wen;Luo Kai-yue;Netherlands;Portugal;Qiu Shao-en;Taiwan;Wu Pei-yun;Xie;Xie Fang-yi;Xu Jing-chun;Zhang Jie-sheng;Zhang Shu-qi;Zhu Ya-hui;the World University Games",2025-08-12 23:12:00
13af43c1-12dc-4503-8311-f21d009d8a95,中彰投未停班課！咕嚕咕嚕大軍圍攻王惠美 最美縣長慘遭波及 | 政治快訊 | 要聞 | NOWnews今日新聞,9ab9f931-7c36-4c69-9153-b7c41bf4478d,0,"Changhua;Changhua County Magistrate;Chiayi County;City;Guruguru Army;Hualien;Hualien County;Jiayi;Jiayi City;Jiayi County;Kaohsiung;Lu Hsiu-yen's;Lu Mama;Miaoli;Mommy;Nantou;Netizens;Penghu;Penghu County;Pingtung;Taichung;Taichung City;Tainan;Taitung;Taiwan;The Central Weather Bureau;Wang Huimei's;Xu Shu-hua;Yangliu Typhoon;Yunlin;Yunlin County;Zhuoshui River;the ""Guruguru Army;the ""Natural Disaster Suspension of Classes and Work Regulations;the Central Weather Bureau's;the Guruguru Army",2025-08-12 23:11:43
103c6ff4-978f-493c-b0f0-c65dee968409,10歲就對戲李奧納多！超狂童星《辣媽辣妹2》變琳賽羅涵女兒｜東森娛樂,eeb8af1a-6646-4195-b2bb-a2d98e53513b,178,Anna;Hollywood;Jamie Lee Curtis;Julia;Julia Butters;Leonardo DiCaprio;Lindsay;Lindsay Lohan;Lindsay Lohan's;Mamma Mia 2;Nisha;Nisha Ganatra;Quentin Tarantino's;Sophia Hammons;Steven Spielberg's;Taiwan,2025-08-12 23:11:00
9777a5a1-d227-4856-aaf6-2468a6f42775,Gogoro發布Q2財報 姜家煒：對下半年前景有信心 | 產業熱點 | 產業 | 經濟日報,d5e29605-8136-4304-89d2-d7ab464c124b,179,Gogoro;Jiang Jia-Wei,2025-08-12 23:10:33
530fc595-2c01-4a2e-ad2c-f6829e9916ee,楊柳颱風逼近！卓榮泰視導災害應變中心　下令各部會提高警覺,c5a1f22d-69b3-4888-9d3a-9617c2819b7b,180,Chiayi;Hualien;Hualien County;Huang Guolin;Inspects Central Disaster Response Center;Kaohsiung;Lai Ching-te;Ma Ta'an Creek;Pingtung;Tainan;Taitung;Taiwan;Taiwan Power;Tao Benhe;The Ministry of Agriculture;Typhoon Yung-Li;Wanan Township;the Central Disaster Response Center;the Ministry of Agriculture;the Ministry of Economic Affairs;the Ministry of National Defense;the Ministry of Transportation;the Ministry of the Interior,2025-08-12 23:10:00
115a3380-5de4-4ba5-8acd-b6fff3671443,《角頭》將大戰《鬼滅》！吳念軒認愛出品人 情侶同場拚票房  | 娛樂 | NOWnews今日新聞,d92edd7f-e79c-4902-8d35-f9c213f552d3,181,"Beiguan;Ben Bai;Brother Zhang;Demon Slayer;Gang Tou;Gang Tou - Dou Zhen Ai;Gang Tou';Gao Jie;Gao Jie's;Gui Dong;Hollywood;Huang Duan Hui;Huang Shang;Jilong Miao Kou;Kimetsu;Korea;Li Qian Na;Pan Jun Jia;Producer Zhang Wei Yan;Taiwan;Tang Zhen Gang;Wang Shi Xian;Wang Zhe Again;Wu Nian Xuan;Yuan Wei Jue;Zhang Wei Qiu;Zhang Wei Yan;Zhang Zhi Xuan;Zheng Ren Jue;the ""Beiguan Five Tigers",2025-08-12 23:09:54
c5f9eb0f-be96-4b06-99a0-d683d43882e7,三寶嬤喬車位「弄倒機車就閃人」！過程全被拍　車主火大報警了 | 生活 | 三立新聞網  SETN.COM,822c3bee-81e0-4eae-a3a0-6e6af201e5cf,182,Bao Liao Gong;Facebook;Taipei Medical University Hospital;netizens,2025-08-12 23:09:00
ad79ab70-7455-46b3-a8de-1f3ad466772c,"
                          昆凌32歲生日「甜靠周杰倫肩膀」　同框放閃合照曝光                      ",766e7df1-07a0-414a-9c00-de3c4cf21c69,183,Instagram;Jay Chou;Jay Chou's;Jen Hannah;Kun Ling;Kun Ling's;Photo / Reproduced;Wang Jingchun;netizens,2025-08-12 23:08:00
0c3afdce-4793-4ae7-920d-44ab704475f8,每公斤賣400元！雲林驚見65公斤「支解狗肉」　移工遭裁罰10萬,c4dcda2d-33b7-4abf-9306-76ab7b0ff0a7,184,Chen Yi-chen;Fan;Liao Pei-chih;Meishou Township;Min Wen-yu;Pixabay;Plant Disease Control Center;Taichung City;Taiwan;Yunlin County;the New Taipei Animal Protection Association,2025-08-12 23:07:00
dffc3177-bd02-483f-ac92-be9a994f2360,爆同時交往2樂天女孩！林襄應援曾狂罵「臭馬傑森」　網：愛情的復仇 | 娛樂星聞,f13f7c2f-cfc5-42de-b8cd-f255aa4be573,185,Abby Hsu;Jason Ma;Leaft;Lin Xiang;Lin Xiang's;Ma;YouTube;the All-Star Game;the Chinese Professional Baseball League All-Star Game;the Taichung Wagyon;the Taoyuan Leaft,2025-08-12 23:06:00
477f4f7a-9c39-4585-b484-85ccbe7eee27,武術散打、合球混團建功 世運會臺灣單日雙銅進帳 | 體育 | Newtalk新聞,0f2a4545-fe03-46fa-ac16-2f20ea7589b5,21,Azerbaijani Ruslan;Central News Agency;Chengdu Universiade;Hong Kong's;Lai Jianzhong;Lin Yawen;Piraliyev Ruslan;Taipei;Taiwan;Universiade;Wu Peiying;Zhang Huanyi;Zhang Shuqi;Zhang Yilin;Zhu Yahu;the Czech Republic,2025-08-12 23:05:00
02413412-76ba-480c-aad3-527d56c18d87,臺南鷹架工闖日租套房性侵　酒醉女突醒「為什麼是你」崩潰,562687be-639d-4e48-a13e-fa35afedd97f,186,Tainan;Xiao Li;Xiao Li's;Xiao Mei;Xiao Mei's;the Tainan District Court,2025-08-12 23:04:00
20fb7c40-07d9-4d33-a679-edc8745f85d9,"
                          荒姨順產兒子！打無痛分娩「完全沒用」　生產飆淚片曝光                      ",647894ee-5fb7-4479-ad0b-dd4c2e9d0e29,187,Huang Yiii;Huang Yiii Announced Birth;Mom;Porter Wang;Sam Old;anesthesia,2025-08-12 23:04:00
4019c39e-6581-4a30-af1d-a46b87d487fb,快訊/大樂透開出2注貳獎！各得577萬元　頭獎又槓龜 | 中天新聞網,fcc95d63-3fc1-430f-9add-08cf34f3f2fb,188,Taiwan Lottery,2025-08-12 23:04:00
7c093169-c11e-47cf-bd35-f6d9c2b3c81a,華航13日航班異動概況 | 生活 | 要聞 | 經濟日報,2790c453-a130-4604-87c9-457945b0e2a9,189,"Bangkok;CI132/CI133 Kaohsiung;CI528 Taoyuan;CI915/CI916;CI919/CI920;CI923/CI924 Taoyuan;China Airlines;Fukuoka;Hong Kong;Incheon;Kaohsiung

CI126/CI127 Kaohsiung;Kaohsiung

CI935/CI936 Kaohsiung;Manila;Narita;Okinawa

CI162/CI163 Taoyuan;Okinawa

CI176/CI177 Kaohsiung;Osaka;Seoul;Shenzhen

CI703/CI704 Taoyuan;Taoyuan;Tokyo;the China Airlines;the Yangliu Typhoon",2025-08-12 23:02:33
95a68e94-ef84-4715-8524-8a435244dd7c,為什麼會買個不停？「肚子餓別逛市場」背後的真相：情緒消費如何偷走你的財務自由 | 個人理財 | 理財 | 經濟日報,7a2ef621-1563-4fd9-9985-9b1fa7414ca7,190,Cinderella;EBS;Happiness Culture;Korean Educational Broadcasting System;Survival;※ Please,2025-08-12 23:01:16
651d89e7-223c-42b6-be6a-100bf016d0d7,京華城案「沒金流」？現金不是金流？林智群狠嗆小草：人云亦云的白痴 | 政治 | 三立新聞網  SETN.COM,23c9fc7a-61ab-474d-bfef-b3f70d17f78f,191,Ah Bei;Ke Ching-Zhang;Ke Pei-Lin;Lawyer Lin Chih-Chun Slams;Lin;Taipei Mayor's;the Taipei Mayor's Office,2025-08-12 23:01:00
ae79f22c-0297-4f26-8be4-e001f8c197cc,談核三延役郭智輝嗆砍敦親睦鄰費　網炸鍋轟拔官：看你還囂不囂張！ | 中天新聞網,afcb1781-8a88-4405-8a4c-efeca125da79,38,Guo Zhihui;Guo Zhihui's;Hengchun Peninsula;Kuomintang;PTT;SMR;Su Qingquan;Taiwan;Taiwan Power;netizens;the Hengchun Peninsula;the Legislative Yuan;the Third Nuclear Power Plant,2025-08-12 23:01:00
fb7bc26f-37d6-48cd-8a41-32fe37842c15,馬來西亞情侶遊曼谷遭縱火　泰國允加強觀光區安全,198a1ecd-a883-430f-90d5-87f9e0d76662,175,Bangkok;CNA Bangkok;Lumpini;Sa Kaeo;Sa Kaeo province;Thailand;Tourism and Sports Ministry;Varakorn Pubthaisong;Wang;Yan;the Bangkok Post,2025-08-12 23:00:00
599aff19-5e41-480d-9294-daf0e36862a7,魔神樂連3場優質先發　桃猿3安搶勝打擊仍需調整 | 體育 | Newtalk新聞,de45ac93-494e-4742-ab96-08cac43805fc,192,Central News Agency;Kojima Kenji;Lin Chengfei;Lin Chengfei's;Lin Li;MVP;Marcelo Martinez;Marcelo Martinez's;Rakuten Taoyuan;Taoyuan;The Chinese Professional Baseball League (;Xie Jingwen Taipei;Zhang Minxun;the Taiwan Steel Eagles,2025-08-12 23:00:00
ff94701e-5fca-4eff-9435-36d35a661ee2," 
  雷虎上半年EPS 0.7元 優於去年同期0.5元
",dba99e32-7850-484b-9014-16e17754b5ea,193,"AI;Board of Directors;EPS;FPV;Ohio;Parrot;Raytheon;Seashark;Taiwan;The Board of Directors;Trump;US;the ""Big Leads Small;the ""Unmanned Aircraft Key Chip and Module Autonomous Research and Development Assistance Plan;the Chinese Academy of Sciences;the Chinese Academy of Sciences';the Ministry of Economic Affairs';the Ministry of National Defense",2025-08-12 22:59:00
73955fa1-0a4f-4c17-84ab-c6b0671b5b79,疫情後「少400萬旅客來臺」！　一票人點國旅3尷尬真相：不如出國玩,70daef63-05fe-4c8f-a42a-37e7a1be5ccb,103,COVID-19;Kaohsiung;Taitung;Taiwan;netizens;the Ministry of Transportation and Communications' Tourism Bureau,2025-08-12 22:59:00
e1794978-ab52-49fc-98fa-219cf1058f4f,邱佩琳出庭爆「裴偉找我對金主名單」　柯文哲轟北檢洩密：司法勾結媒體淪政治打手 | 新聞,d2f52f8d-eec5-42b0-b6ea-689295129d60,194,Huang Shan-shan's;Jinghua City;Keelung City;Ko Wen-je;Ko Wen-je's;Lin Jun-yen;Lin Jun-yen's;Media;Mirror Weekly;National Governance Institute;Pei Wei;Qiu Pei-lin;Shen Qing-ying;Taipei;Taipei District Court;Zhai Ben-qiao;the Democratic Progressive Party;the People's Party's,2025-08-12 22:59:00
b0d7626f-e27e-4fc5-8ec0-898b2089eac6,MLB 13日賽程一次看／道奇戰天使！大谷翔平超火、挑戰連4場開轟 | 運動 | NOWnews今日新聞,e61580cb-dbde-447e-aec5-56a988b44387,195,Angels;Byron Buxton;Dodgers;Luis Rengifo;MLB;Photo / Reuters / Dahao Image;Ryan Jeffers;Twins;Yankees;Zach Neto;the National League West,2025-08-12 22:58:50
ba005b2f-5d34-4e5e-8372-c79db11c5e4c," 
  營建股「EPS獲利王」換人！全心投控上半年EPS達9.20元 大賺近一個股本
",02742e03-a8a8-47ec-8043-5136cb2a9b81,196,"Almost Doubling the Stock Value;EPS;EPS Reaches 9.20 Yuan;Tainan;Wang Jingyue 
Jing Yue 
Wholehearted Control 
;Wholehearted Control;the Taiwan Sugar Company's;the Taoyuan Urban Renewal Hotel Land Case",2025-08-12 22:58:00
6feb6f33-97fc-4aa4-84d8-89cabaed4dad,手賤三寶「放倒鄰車」硬塞停車格　離譜畫面瘋傳！竟真的釣出苦主,822c3bee-81e0-4eae-a3a0-6e6af201e5cf,182,Facebook;Gogoro;Ke Pei Chen;National Taiwan University Hospital;Taipei;the Little Blue;the National Taiwan University Hospital,2025-08-12 22:58:00
f1431a8a-c8da-4c1e-bb47-b99c5a9b23dc," 
  怡利電決定買回庫藏股 數量達1.22萬張
",43ef910d-7008-4685-b179-2cd5daa27506,197,AI VPA;ARHUD;EPS;NT$0.75;NT$29.12;New Taiwan;US;Yili Electric;Yili Electric's,2025-08-12 22:57:00
4b3f6eea-4457-4a66-b3de-2bc85cf65392,狄鶯宣佈重大決定！ 孫安佐將赴日留學 暫別拳賽轉戰全職教練｜東森娛樂,8d702516-a9e9-4d5c-80b0-259226434fd7,198,Deng Jiahua;Diya;Han Sen;Japan;Sun Anze;Sun Peng;Taipei City University of Science and Technology;Taiwan;US;Wei Ge;Zhongshan Technology University,2025-08-12 22:57:00
e9a44348-c9b3-42c8-a184-11970cde7bfb,「學姐」黃瀞瑩懷孕 蔣萬安分享育兒經：睡眠少一點、幸福多很多 | 政治快訊 | 要聞 | NOWnews今日新聞,87c68a43-11c7-47a6-a628-af768d16aeef,199,Councilor Chen Shixuan;Councilor Lin Jianyu;First Party;Huang Doying;Jiang Wan-;Jiang Wan-an;Jianyi;Ker Chenteh;Liu;Liu Jiaoyao;People First Party;People First Party News Department;Taipei;Taiwan;Wang Shijian;Wu;Wu Yixuan,2025-08-12 22:56:35
acb7b7d0-59ac-4412-bb20-6dff794148fa,高雄嬤滿腹苦水淚坐河邊　警伸援手暖喊「這句話」破涕為笑│TVBS新聞網,52f387a2-5bae-4edd-8c49-a18a5a28c4f8,200,Ah Ma;Ah Ma's;Chen Liang Yu;Kaohsiung;Wu Wan Ting;Xin Xing Branch Police Station;the Ai River,2025-08-12 22:56:00
afd12718-14c3-4396-9402-71a7554fc376,陸警範圍擴至13縣市！明天雨勢最劇烈 楊柳估傍晚「雲嘉南一帶」出海 | 生活 | 要聞 | 經濟日報,9ab9f931-7c36-4c69-9153-b7c41bf4478d,0,Changhua;Chiayi;Green Island;Hualien;Jinmen;Kaohsiung;Lanyu;Miaoli;Nantou;Penghu;Pingtung;Taichung;Tainan;Taitung;Taiwan;The Central Weather Bureau's;Typhoon Yangliu;Yangliu;Yilan;Yunlin;Zhu Meilin;the Bashi Channel;the Central Mountain Range;the Greater Taipei;the Meteorological Bureau;the Taiwan Strait,2025-08-12 22:55:47
b153f972-8e43-4cde-b3b6-f323b8c7a0e0,楊柳颱風增強逼近 臺鐵明天列車營運狀況1次看 | 生活 | 要聞 | 經濟日報,f1ef3da6-082a-4fe2-af99-d1f7b24233fe,201,Branch Line;Changhua;Chaozhou;Downstream;Eastern Line;Fangliao;Hualien;Hualien Line;I. Western Line;Keelung = Chaozhou;Nangang;Nyingri Kitchen 6008;Shulin;Taitung;Taiwan Railway Administration;Taiwan Railway Administration's;The Taiwan Railway Administration;Typhoon Yangliu;V. Island Tour;Yilan Line;the Central Weather Bureau;the North Link Line;the South Link Line;the Taiwan Railway Administration;the Taiwan Railway Administration's;※ Please,2025-08-12 22:55:47
7bdf5d30-0621-4c92-844f-f0dfeecfd157,金門縣尚未列楊柳颱風警戒 明日正常上班上課 | 生活 | 要聞 | 經濟日報,4e8e2790-16a2-4930-9fe9-def5669ffd8a,202,Chen Fu-hai;Kinmen County;Kinmen County Magistrate;Yang Liu;the Central Weather Bureau,2025-08-12 22:55:45
8751d514-e65d-4cee-a842-bd8da029c995,謝長廷新書揭日本疫苗援臺秘辛　自民黨「親中派大老」伸手給臺灣救命疫苗 | 新聞,9525514e-6e5b-4d00-ae28-4db1a7cd0fdb,203,AZ;Ando-san;Aso;Aso Taro;COVID-19;Chen Shui-bian;China;Japan;Media;Sankei Shimbun Press;Su;Taiwan;the Liberal Democratic Party;the Representative Office,2025-08-12 22:55:00
2b7b5edc-6049-4579-840a-3affe56f16ff,不滿拜會達賴  中國：不與捷克總統進行任何交往 | 大陸政經 | 兩岸 | 經濟日報,08d588b1-ebdd-410b-9cb7-e44b28f88897,204,China;Dalai Lama;Foreign Ministry;India;Japan;Lobsang Sangay;Pavel;Petr Pavel;The Chinese Embassy;Tibet;Wang Wenbin;the Czech News Agency;the Czech Republic;ČTK,2025-08-12 22:54:32
ac168502-d5dc-4c7a-9075-37a752dfa323,美7月CPI年增率2.7%持平　核心通膨攀抵5個月高點 | 美國新聞 | 國際 | 經濟日報,5b58e44c-4c0c-474b-92a6-ae5243111c4c,205,Agence France-Presse;Dow Jones Newswires;Federal Reserve;Jerome Powell;The Wall Street Journal's;Trump;US;US Labor Department;the Associated Press;the Federal Reserve;the Federal Reserve's;the US Labor Department,2025-08-12 22:54:29
b127eb57-fae3-4d07-b301-a6c70cd52f93,高雄小港眼鏡蛇頻出沒闖民宅！已抓3條、2條漏網 毒蛇長達80公分 | 要聞 | NOWnews今日新聞,676fc16d-79ef-470a-8a33-17c634da4c47,206,Fengxing Village;Hung Fu-hsien;Kaohsiung;the Kaohsiung Agriculture Bureau;the Xiaogang District,2025-08-12 22:53:53
e07921ed-3328-4e84-8832-29ee1e537087,中職／蘇智傑首局就開轟、三壘安　想過完全打擊「可惜沒有...」 | 運動 | 三立新聞網  SETN.COM,b869837d-1bda-4a34-a858-22b9614bfe69,207,Chen Chieh-hsien's;Lee Dong-mi;Lions;MVP;New Taipei;Su Chih-chieh;Su Chih-chieh's;the Fubon Guardians,2025-08-12 22:53:00
fe0f94e4-baa7-4fbc-b971-0b297de38927,英國男疑遭「灰姑娘之夜」下藥搶劫　巴西海灘昏倒損失逾65萬元新臺幣,4380eb8e-d50d-4da1-b343-e4d0225ca708,208,Amanda Couto Deloca;Brazil;Caipirinha;Cinderella;Ipanema Beach;Mayara Ketelyn Americo da Silva;Raiane Campos de Oliveira;Rio de Janeiro;UK;the Daily Star;the Special Tourism Support Unit,2025-08-12 22:52:00
3945b988-16a8-4eb4-9511-1a8733f867e5,楊柳颱風來襲！高雄市發布42條土石流黃色警戒　急撤山區1841人│TVBS新聞網,1a1e6f75-459e-4989-a923-19079428564e,209,Chen Qimai;Eastern Taiwan;Gushan;Kaohsiung;Kaohsiung City;Magonglin;Namasi;Provincial Highway;Provincial Highway 28;Taoyuan;Yang Liu;the environmental protection department;the metro department;the public works department,2025-08-12 22:51:00
f8cc2039-efbf-40a9-9424-5ed65d03ccfc,臺積電董事會拍板！第2季配息5元、6吋晶圓廠2年內退場-臺視新聞網,dee3073b-e28a-4d7f-aff6-3d50d640017c,25,AI;Intel;NT$15.36;NT$5;TSMC;TSMC Global;Taipei;Taiwan Semiconductor Manufacturing Company;US;the United States,2025-08-12 22:50:00
b9d09e7f-0ee1-41d6-9a18-6e5191621536,危老都更助攻！這家Q2獲利登新高　在手訂單創史高 | 財經 | 三立新聞網  SETN.COM,9b879c7e-21e7-46b9-b34f-0af78e6182a4,210,Chung You;EPS;NT$1.497 billion;New Taipei City;Taichung City;Tainan City;Taoyuan City;Times News Network;Zhonghe,2025-08-12 22:50:00
53a97670-c63a-49ca-8386-b167ed295fee,遊榮吉基金會支持新住民校長圓夢 帶孩子回越南看世界 | 熱門話題 | 要聞 | 經濟日報,cf4b65c8-7bb2-4185-b874-48cd899c5b53,211,AI;Ambler;America;East China Normal University;Europe;Gongliao;Gongliao Elementary School;Huang Shaoyi;National Taiwan Normal University;New Taipei City;Shen Zhongyuan;Singapore;Taiwan;The Yu Rongji Education Foundation;Vietnam;Xie Minghui;Yang Xiaomei;Yu Rongji Education Foundation;Yu Zhongjian;the National Air University;the Vietnamese International School;※ Please,2025-08-12 22:49:54
8e1fc341-894a-4c0b-8f1a-8f05feb008b7,低碳建築研討會啟動臺灣永續轉型新階段,2c24bc7b-7941-48ff-82fd-917723822779,212,"Building Industry's;ESG;FRP;Han Yuan Industry;LCA;Lin Jiehong;Lin Yanjun;National Building Materials Industry;Qin Yicheng;Taiwan;Taiwan Architecture Center;Yu Qionghua;the ""Building Carbon Emissions Assessment System;the Building Industry;the Net-Zero Carbon Emissions;the Ten Directions Ability Center",2025-08-12 22:49:00
3cc9442c-441c-4594-bbeb-8a61f9d20505,蔡鎤銘/賴政府對全民的赤裸背叛 | 中天新聞網,e7c5a3a3-92f1-4fca-b1bd-a833c8c77fc1,213,China;India;Japan;MFN;New Taiwan;Philippines;South Korea;South Korea's;Southeast Asia;Switzerland;Taiwan;The European Union;Trump;Tsai Ing-wen's;US;Vietnam;the Legislative Yuan,2025-08-12 22:49:00
103c96dc-f9d5-44be-a853-eeb200efa33c,才生完第二胎！林依晨再揭「新身分」 戴假面具壓抑渴望｜東森娛樂,607b7f00-f42e-4cb8-9bde-3dae46178972,214,Chen;Chen Bo Wen;Chen Xue Zhen;Hou Zhi Jian;Hu Xu Song;Huang Mu Chang;Li Mu;Li Tian Jue;Lin;Liu Jing;Liu Zi Jie's;Luo Xue Jin;Taiwan;Tamas Dobos;Wang Yu Xuan;Wu Ke Xi;Xiao Xiao Lin;Xu Shu Yi's;Xue Jin;Zou Mei Yu,2025-08-12 22:49:00
b47de697-5d46-4eb5-b319-6277cd686f24," 
  象丁興旺！昔引爆全球關注  雲南野象「短鼻家族」持續壯大
",5e651a0e-462d-402b-be90-2cb8acfc712f,215,"Daguangba Township;Daguangba Village Committee;Daxiakou;Ding;Jingnan Township;Lincang;Mengyang Town;Prefecture Asian Elephant Protection Management Center;Pu'er;Puping Township;Wang Bin;Wild Elephant Valley;Xishuangbanna;Yunnan;Zhou Chenhao;the ""Daguru Family;the ""Ran Ran Family;the Asian Elephant Protection Management Center of",2025-08-12 22:48:00
aadcff97-212b-4857-aaa4-f8e0b30920dc,"
                          玉兔抓包2歲兒「衣服有口紅印」！　追問真相下秒變臉：太值錢了                      ",ffb2681e-b33a-4fcc-a76d-2ce6682b259c,216,Hahaha;Howard;Instagram;Lindan;Mm;Photo / Reproduced;Tsai Yi-fang;Yutu;Zheng Ru-yin;netizens;▲ Yutu,2025-08-12 22:47:00
